お子さん,6.246752551748759
煙道体験,4.16450170116584
原点,6.246752551748759
メンバー,4.16450170116584
フィリピン,3.1233762758743797
二の次,3.1233762758743797
共助,60.55754681360317
避難所運営マニュアル,9.557724896898275
木曽,6.246752551748759
何か地域イベント,6.246752551748759
中心,12.493505103497519
機能,14.391650774070754
大通り,12.493505103497519
住居,3.1233762758743797
オリンピック開催,6.246752551748759
むしろ一般,6.246752551748759
毎日10,6.246752551748759
RRRさん,12.493505103497519
部屋,11.46926987627793
ファシリテーターさん,15.29235983503724
知識ですよ,12.493505103497519
内容,9.557724896898275
いたちごっこ,12.493505103497519
授業,12.493505103497519
結局車,12.493505103497519
取り決め,6.246752551748759
力,24.711457812608728
人,100.53182242095488
表彰,4.16450170116584
縄はしご,6.246752551748759
環境配慮,3.1233762758743797
窓口,6.246752551748759
高山,4.16450170116584
わがまま,12.493505103497519
携帯操作,6.246752551748759
ご家族,4.16450170116584
販売,4.16450170116584
見て状況,4.16450170116584
名古屋人さん,12.493505103497519
固定観念,4.16450170116584
ブログ,6.246752551748759
状況,17.989563467588443
立ち,12.493505103497519
転落,4.16450170116584
被災地域,4.16450170116584
保水,4.16450170116584
ありがとう,32.381214241659194
ロープワーク,9.557724896898275
ボランティアセンター・・・,4.16450170116584
自転車通学者,17.203904814416894
取り入れられ,6.246752551748759
名古屋独自,6.246752551748759
エリア,6.246752551748759
前方,12.493505103497519
希薄,6.246752551748759
最初,12.493505103497519
弱者,6.246752551748759
住宅都市局耐震化支援室,4.16450170116584
行政区分,4.16450170116584
オーダーメイド家具屋,4.16450170116584
携帯電話,4.16450170116584
CCBY,17.203904814416894
交通事故ワースト１,6.246752551748759
手段,11.46926987627793
Webアプリ等,6.690407427828792
なっちゃいけないっていうのが減災,3.1233762758743797
迷惑,11.46926987627793
第一,4.16450170116584
助成,4.16450170116584
森林,16.190607120829597
意識,53.1131855033229
分析,4.505784594252044
設置,4.16450170116584
思想,4.16450170116584
何か特徴,4.16450170116584
減災教育,6.246752551748759
糖分,3.1233762758743797
コンセンサス,4.16450170116584
放射能濃度,4.16450170116584
サロン,6.246752551748759
とりしまり強化,6.246752551748759
治水,4.16450170116584
たち,6.246752551748759
全部,6.246752551748759
トップダウン,6.246752551748759
市全体,1.7847864433567884
高校,54.036867791580974
災害時要援護者の,4.16450170116584
犬,40.31316662456753
大きいプレッシャー,6.246752551748759
毎年避難所体験,2.08225085058292
手ですよ,6.246752551748759
スーパー台風,4.16450170116584
動くところ,6.246752551748759
通学許可,6.246752551748759
一般市民,9.557724896898275
一番,20.577037100107766
木材加工,6.246752551748759
中学,6.246752551748759
市会議員さん,4.16450170116584
協業,6.246752551748759
スロー,6.246752551748759
庄内川堤防決壊時点,4.16450170116584
村社会みたい,6.246752551748759
市,66.1464981053356
担当,11.46926987627793
バラ,6.246752551748759
省略,6.246752551748759
学区ごと,6.246752551748759
２年前,12.493505103497519
フォーカス,3.1233762758743797
面白い,6.246752551748759
完結,6.246752551748759
パトロール犬,11.46926987627793
増加,6.246752551748759
都市設計,11.46926987627793
キーワード,6.246752551748759
やり方,6.246752551748759
考慮,6.246752551748759
難しいよう,4.16450170116584
限定,4.16450170116584
苦情,22.93853975255586
災害,65.5719688333897
明らか,9.557724896898275
針葉樹林,4.16450170116584
服,12.493505103497519
絶対,6.246752551748759
湾内,6.246752551748759
・・・小学校,6.246752551748759
週明け,6.246752551748759
遠州,6.246752551748759
シートベルトチェック,4.16450170116584
予算,9.557724896898275
三島,9.557724896898275
福岡県原子力防災訓練,4.16450170116584
原発事故,12.493505103497519
例大祭,4.16450170116584
減災センター,4.16450170116584
作品ごと,6.246752551748759
うける,6.246752551748759
道路行政,3.1233762758743797
月日,2.498701020699504
地域がら,12.493505103497519
仕掛け,6.690407427828792
津波,34.29506183351294
以前,4.16450170116584
水中,6.246752551748759
国,6.246752551748759
ガイドライン,9.557724896898275
防災無線かなり,12.493505103497519
頼り,3.1233762758743797
都市名古屋,12.493505103497519
貴重,3.1233762758743797
こ,12.493505103497519
再開,4.16450170116584
埼玉県,12.493505103497519
有名,9.37012882762314
走行,11.46926987627793
東日本大震災,18.86228400843212
意外,17.203904814416894
ＡＥＤ,4.16450170116584
公共利益,4.16450170116584
コンテスト,22.68473395793829
事故対策,6.246752551748759
多様,6.246752551748759
預かり,6.246752551748759
自主的,6.246752551748759
相手,6.246752551748759
情報入手,6.246752551748759
Collagree,6.246752551748759
ステレオタイプ,9.557724896898275
物流網等,4.16450170116584
バス,3.1233762758743797
見る,4.16450170116584
急速,6.246752551748759
いろいろ,8.02848891339455
きっかけ,4.16450170116584
包括的,6.246752551748759
相当,12.493505103497519
住む地域,6.246752551748759
2頭,11.46926987627793
海抜,6.246752551748759
改正道交法,6.246752551748759
画期的,3.1233762758743797
避難所,34.935804840999275
おねがい,12.592694427311908
地域柄,4.16450170116584
くない,6.246752551748759
脱出訓練,6.246752551748759
優秀作品,8.02848891339455
定期的,12.493505103497519
セコムみたい,6.246752551748759
ばかり,3.1233762758743797
合意,4.16450170116584
大会,12.493505103497519
投資,6.246752551748759
ピーピー,12.493505103497519
事業所,17.203904814416894
作るとき,3.1233762758743797
他,18.86228400843212
開講,6.246752551748759
ロープ,9.37012882762314
災害時避難シミュレーション体験,6.246752551748759
案,12.493505103497519
見て,9.557724896898275
かっこ,17.203904814416894
興味,20.577037100107766
ボランティアセンター,6.246752551748759
前,14.060975351740305
歩き,3.1233762758743797
様々,7.64617991751862
一時停止取り締まり,6.246752551748759
ろうと,6.246752551748759
話題,17.203904814416894
発災直後,6.246752551748759
避難,65.79399988338308
発言,11.46926987627793
必要ですよ,16.190607120829597
震度５以上,4.16450170116584
めにも,6.246752551748759
めざし,6.246752551748759
追加,6.246752551748759
徹底,41.374136061936966
シナリオ作家,3.1233762758743797
市内177箇所,12.493505103497519
講座,31.826258509182278
気運づくり,6.246752551748759
成果,6.246752551748759
わり,12.493505103497519
無償,11.46926987627793
いただきたいと,6.246752551748759
更新,6.246752551748759
必然的,4.16450170116584
骨,12.493505103497519
話し合い,4.16450170116584
全戸配布,6.246752551748759
こちら,15.29235983503724
設置場所,6.246752551748759
防災意識,4.16450170116584
資料,6.246752551748759
身,26.35888833344931
ボランティア担当,4.16450170116584
耐震化,8.994781733794222
ことな,15.29235983503724
成分,4.16450170116584
明日３日お昼,12.493505103497519
個人情報,17.72523526333862
９月１０９万人,12.493505103497519
体験,28.29342601264818
暴走行為,6.246752551748759
ラブラドール,6.246752551748759
阪神大震災,8.601952407208447
込み,6.246752551748759
高速道路,6.246752551748759
札幌,3.1233762758743797
開催,43.60639857233165
ネット,32.94861041681164
放置,6.246752551748759
補助,11.46926987627793
クリッ,4.16450170116584
骨組み,6.246752551748759
間,8.601952407208447
持つ残念,6.246752551748759
支援窓口,4.16450170116584
根付,12.493505103497519
広報,15.29235983503724
かしら,6.246752551748759
ファシリテーターさん何,6.246752551748759
知らない人,13.763123851533516
ここにこ,5.354359330070365
中高年世代,6.246752551748759
企業等,4.16450170116584
支援策,4.16450170116584
しょうが,4.16450170116584
莫大,6.246752551748759
双方向,4.16450170116584
落とし,6.246752551748759
お話,4.16450170116584
大地震,4.16450170116584
町内会,49.079272680285726
右側通行,6.246752551748759
復興モデル,3.1233762758743797
避難行動改善等,2.498701020699504
把握,14.391650774070754
市民自体,12.493505103497519
誤解,3.1233762758743797
高層マンション,3.1233762758743797
受け入れ同調,4.16450170116584
防災講座,19.788519814347286
感覚,17.203904814416894
平常時,4.16450170116584
量,4.16450170116584
行政枠,6.246752551748759
取り入れ,6.246752551748759
有無,2.498701020699504
参加型,6.246752551748759
システム,17.14753091675647
違反,17.203904814416894
ペット同伴訓練,12.493505103497519
実際,35.49312115867896
テーマ,3.1233762758743797
原因,8.994781733794222
ですからロードバイク,12.493505103497519
言い方失礼,6.246752551748759
安全教育,12.493505103497519
総合防災訓練,12.493505103497519
資格,4.16450170116584
備え,12.592694427311908
区役所,4.16450170116584
想定外,6.246752551748759
電話サービス,22.93853975255586
子供向け,12.493505103497519
大体,6.246752551748759
防災備え,6.246752551748759
近隣自治体,17.989563467588443
別,9.557724896898275
人達,6.246752551748759
避難経路,6.246752551748759
各学区,6.814639147362283
収容人員,4.16450170116584
コスト,11.46926987627793
重要ですよ,4.16450170116584
ですよ,72.64859248619095
安城,12.493505103497519
マップ,6.246752551748759
ヘッドフォン,6.246752551748759
地域防災,6.246752551748759
復興対策,3.1233762758743797
短期的,9.557724896898275
いってい,12.493505103497519
揶揄,4.16450170116584
各町内会,12.493505103497519
名古屋ナンバー,17.203904814416894
小中学生,17.203904814416894
始末,12.493505103497519
三島市HP,4.16450170116584
割合,3.1233762758743797
そもそも電気,6.246752551748759
地方,4.16450170116584
車,44.63718614700464
歩行者優先,6.246752551748759
災害被害,3.1233762758743797
早期,4.16450170116584
被災地,12.592694427311908
見識,4.16450170116584
軸,3.1233762758743797
お粗末,12.493505103497519
狂犬病予防,6.246752551748759
講座依頼,4.16450170116584
少数派,12.493505103497519
努力,6.246752551748759
従来型防災対策,6.246752551748759
HP,9.557724896898275
自転車取締り強化,12.493505103497519
防災,63.19594615610455
防災活動,8.02848891339455
いないの,24.006543283459056
ボランティア,30.091994025836506
堤防,4.16450170116584
集合体,12.493505103497519
現状名古屋市,6.246752551748759
地域ぐるみ,12.493505103497519
数字,11.46926987627793
トップ,4.16450170116584
変,12.493505103497519
夏,4.16450170116584
陥没事故,4.16450170116584
今日,11.46926987627793
自治会,43.529699054329114
自転車道,3.1233762758743797
通学安全,4.16450170116584
守備範囲,4.16450170116584
クリエイター,3.1233762758743797
マナー向上,6.246752551748759
台風,3.1233762758743797
拒絶反応,6.246752551748759
表現,3.1233762758743797
全国的,6.246752551748759
司令塔,11.990600325199654
登録,11.46926987627793
あると,47.7977743764315
コンテナ類,4.16450170116584
特性,11.46926987627793
準備,4.16450170116584
歩道以外,6.246752551748759
長,6.246752551748759
親さん,6.246752551748759
豊か,4.16450170116584
防災先進地域,12.493505103497519
専門家,11.46926987627793
umesisoさん三島市,12.493505103497519
退去時,6.246752551748759
資金,6.246752551748759
大気汚染,4.16450170116584
通り,17.203904814416894
運転競技会,6.246752551748759
ゼロメートル地帯,6.246752551748759
愛知県警,6.246752551748759
記載,7.64617991751862
満足,16.290154370918646
名古屋市内,11.46926987627793
啓蒙活動,4.16450170116584
修正ありがとう,12.493505103497519
もっと予測運転,6.246752551748759
鎮守様,4.16450170116584
地域防災計画,4.16450170116584
コンサルタント,4.16450170116584
日常,6.246752551748759
知ること,12.493505103497519
パンフレット,4.16450170116584
走行違反,6.246752551748759
トピ,9.557724896898275
ベル,6.246752551748759
放送,6.814639147362283
外圧,6.246752551748759
現在燃料,4.16450170116584
毎月サロン,6.246752551748759
手作りハザードマップ,11.46926987627793
我が家,6.246752551748759
いない,51.2230004965627
規制,6.246752551748759
人口数,12.493505103497519
上位入賞者,4.16450170116584
中途半端,6.246752551748759
復興後,6.246752551748759
専用板,6.246752551748759
健康福祉局,4.16450170116584
二段階右折,6.246752551748759
いるか,10.793738080553066
聞こえ,9.557724896898275
ボーダーレス,6.246752551748759
放送内容,12.493505103497519
高まる,17.203904814416894
範囲,12.493505103497519
難しい,44.75219624355172
○１丁目,1.7847864433567884
地点ごと,1.7847864433567884
数値,9.894259907173643
皆さん,29.150802558486003
消火活動,2.498701020699504
要援護者,4.16450170116584
一回,6.246752551748759
イメージ,21.434413645945586
動物関係,4.16450170116584
考え,4.16450170116584
災害ボランティアグループ,12.493505103497519
自治体,20.218465483043506
基本的知識,4.16450170116584
役員,6.246752551748759
若い,3.1233762758743797
防災安心まちづくり運動,12.493505103497519
いないよう,9.557724896898275
小学生,17.989563467588443
予定,6.246752551748759
参加当時,6.246752551748759
マグニチュード７,1.7847864433567884
最近東京,6.246752551748759
関東,29.150802558486003
東海三県,6.246752551748759
交通違反,12.493505103497519
地域イベント,6.246752551748759
観点,7.64617991751862
詐欺,4.16450170116584
終了者,4.16450170116584
運行手段,6.246752551748759
手法,12.493505103497519
空き巣,12.493505103497519
みちのく震録伝,12.493505103497519
森林整備,12.592694427311908
戦後,3.1233762758743797
意欲,9.557724896898275
走る,9.557724896898275
クルマ,6.246752551748759
近隣住民,12.493505103497519
ペット飼育ルール,4.16450170116584
植林,4.16450170116584
隔月,6.246752551748759
自助なのだ,3.1233762758743797
・・・賃貸住宅,6.246752551748759
20年,6.246752551748759
話,33.8899992858634
存在,24.006543283459056
知識等,6.246752551748759
孫,6.246752551748759
左側,6.246752551748759
おやじの会,12.493505103497519
しつけ教室,4.16450170116584
建設的,6.246752551748759
被害イメージ,6.246752551748759
義務,17.203904814416894
場所,20.148311083699056
啓蒙,6.246752551748759
車道,14.391650774070754
地域連動型,6.246752551748759
見直し,6.246752551748759
破壊,6.246752551748759
協働,6.246752551748759
社会悪,4.16450170116584
災害時,18.936623812963457
顕在化,4.16450170116584
天気,6.246752551748759
声,9.557724896898275
防災計画,6.246752551748759
課題,14.336587345347414
仕組み,50.36249987999894
ショップ,4.16450170116584
壁,19.71966055426994
人工林率,6.246752551748759
日本,17.203904814416894
チカラ,22.93853975255586
看護,4.16450170116584
大変申し訳,4.16450170116584
市内,17.989563467588443
林業,12.592694427311908
ホームページ,4.16450170116584
事前復興,6.246752551748759
先生,6.246752551748759
失礼,12.493505103497519
等結果,4.16450170116584
企画,7.64617991751862
突っ張り,6.246752551748759
トリエンナーレ,6.246752551748759
自立,4.16450170116584
難しい方,6.246752551748759
東京,13.763123851533516
アイディア,20.77877275795196
教育委員,6.246752551748759
毎号,6.246752551748759
ボランティアニーズ,6.246752551748759
スマート,6.246752551748759
同意,6.246752551748759
たしかに市ホームページ,6.246752551748759
事実,12.493505103497519
同好会,4.16450170116584
コミュニケーション,11.46926987627793
雑木林,4.16450170116584
最低限,22.93853975255586
無線,4.16450170116584
伊勢湾台風,8.02848891339455
若い方,11.46926987627793
学区,67.23188038395304
公助,4.7788624484491375
ペットボトル,3.1233762758743797
地区,6.246752551748759
物流等,4.16450170116584
くない委員,12.493505103497519
中川閘門,6.246752551748759
県内,12.493505103497519
真剣,15.29235983503724
トラブル,4.16450170116584
勉強,6.246752551748759
結果津波,6.246752551748759
三島市地震,4.16450170116584
何か特典,6.246752551748759
固定特に揺れ,3.1233762758743797
裏路地,4.16450170116584
鑑賞会,12.493505103497519
啓発,3.1233762758743797
動画,6.246752551748759
生命,12.493505103497519
一覧,4.16450170116584
共有,16.474305208405816
提供,12.592694427311908
不可,12.493505103497519
方々,6.246752551748759
はるか,2.498701020699504
育成,6.246752551748759
規則,4.16450170116584
しま,6.246752551748759
成功,6.246752551748759
シナリオ,3.1233762758743797
名古屋,85.17201253768268
必然,6.246752551748759
防災ボランティア担当みたい,4.16450170116584
地元自治会,6.246752551748759
国連,3.1233762758743797
ペット,21.416596770927562
路面電車,3.1233762758743797
名古屋市職員,9.557724896898275
安心ですよ,6.246752551748759
歴史等,6.246752551748759
効果,12.592694427311908
積極的,9.557724896898275
世帯,6.246752551748759
記入,6.246752551748759
保水力,14.391650774070754
もっと小さい地域自治会,4.16450170116584
２００６年３月,6.246752551748759
静岡県,12.493505103497519
答え,12.493505103497519
自転車通学,16.190607120829597
ペット避難,9.557724896898275
説明,11.46926987627793
実感,6.246752551748759
福岡県獣医師会,4.16450170116584
転倒防止対策,4.16450170116584
所謂雑木林,4.16450170116584
ソーシャルゲーム,4.16450170116584
実現,11.46926987627793
集まる,6.246752551748759
不自由,4.16450170116584
利用,6.246752551748759
推奨,19.788519814347286
自力避難,6.246752551748759
特大ゲリラ豪雨,4.16450170116584
実用志向,6.246752551748759
購入,15.29235983503724
数年前名古屋,6.246752551748759
原発地域,6.246752551748759
環境省,6.246752551748759
危険,21.58747616110613
新規スレッド,12.493505103497519
学校,34.52355442239896
防災組織,12.493505103497519
防災情報,21.865896003884085
何円,3.259175244390657
勿体無い気,22.93853975255586
固定,9.894259907173643
閉鎖,3.1233762758743797
ペット動物,4.16450170116584
ピーピー笛吹,4.16450170116584
自転車自動車,6.246752551748759
自主防災担当,6.246752551748759
救出活動,8.02848891339455
於いて,4.16450170116584
子供,34.59604093765222
東京スマートドライバー,6.246752551748759
避難勧告,22.291790191783413
毎年毎年何か見直し,4.16450170116584
・・・スイマセン書き方,3.1233762758743797
特に夜中,6.246752551748759
計画,6.246752551748759
名古屋流儀,12.493505103497519
クレート訓練,6.246752551748759
大体皆さん,6.246752551748759
現状,32.260252943398406
走る自転車,6.246752551748759
動物達,11.46926987627793
反応,6.246752551748759
十分,12.493505103497519
認識,17.989563467588443
代表者,4.16450170116584
東海,4.16450170116584
二次利用,6.246752551748759
定刻,4.16450170116584
毎日,3.1233762758743797
一蓮托生,12.493505103497519
案内,6.246752551748759
もっと強く,4.16450170116584
町・・・避難所,12.493505103497519
言葉,6.1169439340148966
いたるところ,4.16450170116584
１）①,6.246752551748759
レスポンス,9.557724896898275
お年寄り,16.190607120829597
オンパレードですよ,6.246752551748759
難しいですよ,4.16450170116584
どうでしょう,46.14807483831431
各区,52.0876700844388
今回,9.557724896898275
自転車仲間,6.246752551748759
公助これら,4.16450170116584
すべて,4.16450170116584
糖尿病予備軍,3.1233762758743797
つながり共助,6.246752551748759
公開募集,12.493505103497519
リニューアル,2.498701020699504
東京五輪,2.498701020699504
それぞれ,9.557724896898275
スタッフ,3.1233762758743797
近く,11.46926987627793
ご当地ネタ,6.246752551748759
事業,9.37012882762314
明記,6.246752551748759
解体,4.16450170116584
数年,12.493505103497519
検討,15.432777825080823
互助,4.16450170116584
防災ボランティア,4.16450170116584
交通ルール,12.493505103497519
補強,4.16450170116584
聞こえなかったら,4.16450170116584
伝授,6.246752551748759
プロ,9.557724896898275
自転車専用レーン,4.16450170116584
メールサービス,12.493505103497519
笑,6.246752551748759
帰省,6.246752551748759
沢山,15.29235983503724
楽しい防災,6.246752551748759
１９６４年,2.498701020699504
一丸,14.391650774070754
放置自転車,6.246752551748759
隣近所,4.16450170116584
配布,6.246752551748759
投稿,12.592694427311908
同様,9.557724896898275
月,16.190607120829597
現認,4.16450170116584
お隣,12.493505103497519
事前,9.557724896898275
避難である,6.246752551748759
500ml,3.1233762758743797
つながり,21.434413645945586
訓練内容,11.46926987627793
おもい,18.86228400843212
不十分,12.493505103497519
参加,63.44722228396181
生活,6.246752551748759
アクセス,6.246752551748759
それから,4.16450170116584
大雨,6.246752551748759
市民以外,4.16450170116584
施策体系,9.557724896898275
ろうと疑問,12.493505103497519
安否確認,38.19151021101874
再開発,6.246752551748759
中身,4.16450170116584
うち,12.493505103497519
春日井,6.246752551748759
空き巣さん,6.246752551748759
ダム,4.16450170116584
ダメ,37.890901979333385
耐震工事,6.246752551748759
ちょっと,12.493505103497519
かぶること,4.16450170116584
まとまり,12.493505103497519
話ばかり,6.246752551748759
あたり,4.16450170116584
公,6.246752551748759
１点問題,4.16450170116584
現実的,4.16450170116584
身の丈,6.246752551748759
ですから,16.190607120829597
犯罪,4.16450170116584
寝たきり,6.246752551748759
人口,9.557724896898275
一方,6.246752551748759
昼間人口,4.16450170116584
小学校学区,11.46926987627793
KSamanthaAさん,12.592694427311908
死亡者数,6.246752551748759
光,6.246752551748759
先,17.14753091675647
責任,12.493505103497519
防犯パトロール,17.203904814416894
カード,4.16450170116584
最近,6.246752551748759
もう少し,16.190607120829597
思考,37.807889929897144
httpsdocsgooglecomfiled0B3UiAwl2HEOnZENpTVhJbWNxd0Eedit,12.493505103497519
ゼロ,4.16450170116584
取締り,32.381214241659194
指導強化,6.246752551748759
極端気象,6.246752551748759
都市型水害大雨,4.16450170116584
大規模,4.16450170116584
多く,28.006318854289894
毒キノコ,6.246752551748759
受け,6.246752551748759
しゃるとおり,12.493505103497519
プライド,8.601952407208447
・・・そこ,6.246752551748759
ろうと・・・,6.246752551748759
総員何名全員避難,12.493505103497519
名古屋ならでは,4.16450170116584
事前復興プロセス,6.246752551748759
基本,3.1233762758743797
気をつけろ,12.493505103497519
もっと,22.93853975255586
行く,6.246752551748759
正確,4.505784594252044
もった,3.1233762758743797
リーフレット,3.1233762758743797
さそう,6.246752551748759
逃げ方,4.16450170116584
ヤフーブログ,4.16450170116584
地域自治,20.577037100107766
おとな,12.493505103497519
ＨＰ,6.246752551748759
語弊,4.16450170116584
拠点,12.493505103497519
苗字,6.246752551748759
基本知識,6.246752551748759
といー,6.246752551748759
自転車走行,6.246752551748759
自主防災活動,6.246752551748759
高規格,4.16450170116584
防災用品,4.16450170116584
Coolagree,6.246752551748759
運転,27.052319732804936
坂道,4.16450170116584
本所防災館・・・おもしろそう,12.493505103497519
皆さんマスコミ,4.16450170116584
もやい結び,9.557724896898275
発揮,6.246752551748759
ロードバイク,24.006543283459063
下記WEBサイト,6.246752551748759
最終的,19.788519814347286
放射能,12.592694427311908
かつやんさん,22.93853975255586
同行避難訓練,4.16450170116584
駐輪,3.1233762758743797
危機管理,4.16450170116584
反対,36.00981492518859
転倒防止,9.557724896898275
連絡,4.16450170116584
要望,4.16450170116584
着衣泳,12.493505103497519
耳,4.16450170116584
走行面,3.1233762758743797
商品,4.16450170116584
基本的,12.493505103497519
プロフェッショナル,6.246752551748759
根本的,11.46926987627793
誘発,6.246752551748759
河村市長,3.1233762758743797
宅配事業者,6.246752551748759
押しチャリ,3.1233762758743797
助け合い,14.336587345347414
地域コミュニティー,6.246752551748759
街１位,6.246752551748759
一定,4.16450170116584
現在名古屋市,11.46926987627793
帰宅困難者,4.16450170116584
防災スピーカー,4.16450170116584
程度,6.246752551748759
企画部危機管理課,6.246752551748759
その後,4.16450170116584
賛成,52.513326540150764
105ページ,4.16450170116584
時間,4.16450170116584
個人,12.493505103497519
中学生以上,4.16450170116584
名前,11.46926987627793
費用,6.246752551748759
消火訓練,4.16450170116584
第二次ベビーブーマー世代,12.493505103497519
風土づくり,3.1233762758743797
一緒に避難,12.493505103497519
自転車事故,11.46926987627793
お願い,9.894259907173643
浦安市,4.16450170116584
ストローハウス作り,6.246752551748759
地域密着,12.493505103497519
対応,18.1217357292464
２４時間雨量,3.1233762758743797
アプリ開発者,3.1233762758743797
日,6.246752551748759
年々参加者,6.246752551748759
ハード面,6.246752551748759
今一度公開,12.493505103497519
連携,17.989563467588443
ワッシーさん,18.86228400843212
いい加減,6.246752551748759
種類ごと,5.461557083941871
救出,4.16450170116584
豪雨,11.46926987627793
依頼,9.557724896898275
世界機関,3.1233762758743797
旗,12.493505103497519
オフライン,6.246752551748759
認知度,9.557724896898275
指針,14.391650774070754
未来,12.493505103497519
ＮＰＯ,2.08225085058292
意見募集,12.493505103497519
庄内川越流時,4.16450170116584
侵入,6.246752551748759
持つ一つ,6.246752551748759
ハード優先,3.1233762758743797
情報収集,4.16450170116584
アナログ情報,12.493505103497519
現時点,6.246752551748759
状態,11.46926987627793
若返り,6.246752551748759
地域コミュニティ,11.46926987627793
ちゃんと,12.493505103497519
今年,6.246752551748759
構築,4.16450170116584
町内会機能,6.246752551748759
ばかり強調,3.1233762758743797
マンガ,3.1233762758743797
防災マニュアル,2.498701020699504
視点,6.814639147362283
市民経済局,4.16450170116584
専門知識,4.16450170116584
ボード,4.16450170116584
防災ラジオ,4.16450170116584
森林自体,4.16450170116584
家,36.324296243095475
伊勢湾台風以上,6.246752551748759
先手先手,6.246752551748759
期待,11.693216253932487
秀逸,3.1233762758743797
活動,28.64363265826405
行政職員,4.16450170116584
醸成,12.493505103497519
家具,25.61150024828135
先日,6.246752551748759
システムつくり,12.493505103497519
きると,6.246752551748759
Webアプリ,2.498701020699504
災害ボランティア団体,6.246752551748759
苦手,17.203904814416894
三島市版,12.493505103497519
起震車体験,4.16450170116584
場,13.982797058898289
くれない,12.493505103497519
受け入れ,6.246752551748759
そのもの,6.246752551748759
特に賃貸住宅,6.246752551748759
本当,47.56421474680821
基盤整備,9.557724896898275
用度,6.246752551748759
ガラス飛散防止フィルム,4.16450170116584
皆様,12.493505103497519
重要,27.777225254618315
備蓄,3.1233762758743797
allNagoya,4.16450170116584
関係,9.35457300314599
事故,61.641321389757316
手始め,6.246752551748759
デザイナー,3.1233762758743797
まちづくり,4.16450170116584
県,17.203904814416894
講義,6.246752551748759
津波対策,6.246752551748759
一番重要,1.7847864433567884
転倒,6.246752551748759
文献,2.498701020699504
ボトルネック,17.203904814416894
一番やり,12.493505103497519
代表,6.690407427828792
特定,9.557724896898275
54ベージ,4.16450170116584
南信,6.246752551748759
現実,12.493505103497519
困難,9.557724896898275
心配,17.989563467588443
消防車,3.1233762758743797
都心部,11.46926987627793
小学校,32.381214241659194
GIS,6.246752551748759
ルールつくり,6.246752551748759
今年度避難訓練,6.246752551748759
喜び,6.246752551748759
水害,7.64617991751862
診断,4.16450170116584
いない人,12.493505103497519
正直,6.246752551748759
大災害,6.246752551748759
NPO,23.064027291768145
人通り,3.1233762758743797
台風３０号,3.1233762758743797
毎年養成講座,6.246752551748759
予算消化,6.246752551748759
地理情報,4.16450170116584
地域委員会,11.46926987627793
土地価格,6.246752551748759
知らず知らず,4.16450170116584
立上,6.246752551748759
さいたま市市内５６８箇所,6.246752551748759
行動,4.4094723894697125
従業員,10.65003631368665
・・・正直,4.16450170116584
各地,11.46926987627793
道路,29.540858604117883
魚,6.246752551748759
ですから自主防災訓練,4.16450170116584
コミュニケーション不足,6.246752551748759
Samanthaさん,12.493505103497519
1番,3.1233762758743797
社協さん,11.46926987627793
防備,6.246752551748759
自転車運転,6.246752551748759
防災無線数,6.246752551748759
長期,6.246752551748759
個人的,6.246752551748759
アプリ,9.557724896898275
各消防署,12.493505103497519
コンテンスト,6.246752551748759
ご本人,4.16450170116584
家族はかま,6.246752551748759
地域内,11.46926987627793
郵便ポスト,6.246752551748759
ご存知ですか,6.246752551748759
ホント,12.493505103497519
勉強会,2.498701020699504
例え,5.734634938138965
迷子,4.16450170116584
チカちゃん,6.246752551748759
高齢者,24.006543283459063
必要性,21.74608287509568
自治他,4.16450170116584
表示,12.493505103497519
uspsharing,12.493505103497519
自分たち,6.246752551748759
しつけ,22.93853975255586
講座形式,4.16450170116584
アナログ,12.493505103497519
いない状況,3.1233762758743797
地球温暖化,3.1233762758743797
仕組み作り,2.08225085058292
陸前高田,4.16450170116584
JALERT,12.493505103497519
訓練参加,17.203904814416894
頻繁,6.246752551748759
バーチャル,6.246752551748759
介入,6.246752551748759
爆音マフラー,6.246752551748759
人々,11.693216253932487
参加者,11.46926987627793
区政協力委員会,6.246752551748759
優先順位,4.16450170116584
種類,6.246752551748759
自転車教育,12.493505103497519
非難,6.246752551748759
ださい,22.291790191783413
認知,33.85156586885752
根底,6.246752551748759
ショー,3.1233762758743797
パウチシート,6.246752551748759
箱作り,6.246752551748759
報酬,6.246752551748759
ここのは毎年,6.246752551748759
半分,6.246752551748759
仕方,6.246752551748759
交換,9.557724896898275
大がかり,4.16450170116584
本番,6.246752551748759
一つ,20.687068030968483
無関心,22.93853975255586
不明,6.246752551748759
・・・他,6.246752551748759
専用道路,11.46926987627793
家具固定,24.006543283459056
桜通り,3.1233762758743797
山,6.246752551748759
財産,3.1233762758743797
公開,29.077627092480174
港,4.16450170116584
大変貴重,6.246752551748759
芯,11.46926987627793
企業,25.721296375134706
ゆっくり,6.246752551748759
下水道,4.16450170116584
発生,8.73778796997153
防犯,6.246752551748759
自助意識,12.493505103497519
結構,22.93853975255586
取締り強化,6.246752551748759
火事,12.493505103497519
今どこ,12.493505103497519
きずなネット,12.493505103497519
心,11.46926987627793
言い方わる,4.16450170116584
詳細,6.246752551748759
人たち,23.074037419157154
小説,2.498701020699504
なかった,12.493505103497519
議論,37.50951895725055
獣医,4.16450170116584
提案,17.203904814416894
市民側,6.246752551748759
１回,4.16450170116584
啓発活動,6.246752551748759
取り組み,102.84152141088731
１グループ組織,12.493505103497519
推測,4.16450170116584
災害動物避難ボランティアコーディネーター,6.246752551748759
ボランティア団体,6.246752551748759
影響,6.246752551748759
対象世代別に,12.493505103497519
理解,9.782612541531178
心的ストレス,6.246752551748759
現物,6.246752551748759
所謂かゆいところ,6.246752551748759
助け,12.493505103497519
無事,6.246752551748759
受け入れ理解,12.493505103497519
早期の,6.246752551748759
ポロクル,3.1233762758743797
発行,4.16450170116584
出前講座,17.203904814416894
お住まい,6.246752551748759
コンパクト,4.16450170116584
無謀,17.203904814416894
ブラッシュアップ費用,6.246752551748759
避難計画,4.16450170116584
地元消防団,4.16450170116584
ところ,6.246752551748759
交流,4.16450170116584
防災情報サイト,6.246752551748759
穴,12.592694427311908
乗り方,6.246752551748759
協議,6.246752551748759
世代,12.493505103497519
多国語対応,12.493505103497519
昨年,4.16450170116584
大幅,6.246752551748759
地区一帯,6.246752551748759
テコ入れ,6.246752551748759
ハード中心,12.493505103497519
学習,4.16450170116584
リスク,7.373102063321526
・・・現在,6.246752551748759
法整備,4.16450170116584
東南海地震,4.16450170116584
防災クイズ,6.246752551748759
一つ目,12.493505103497519
w,12.493505103497519
緑区,6.246752551748759
トリマー,4.16450170116584
または,6.246752551748759
過度,12.493505103497519
手軽,6.246752551748759
施設,12.493505103497519
OKですか,4.16450170116584
発言内容,12.493505103497519
全世帯,12.493505103497519
スピード違反,4.16450170116584
サポート,6.246752551748759
事業評価,6.246752551748759
元気,4.16450170116584
事態,6.246752551748759
ながら公金,4.16450170116584
運転マナー,12.493505103497519
発表,6.246752551748759
形態,3.1233762758743797
被災,15.432777825080825
地域住民,4.16450170116584
事例,18.34935473694021
いない地域自治,4.16450170116584
返済,12.493505103497519
自動車など,3.1233762758743797
愛知,17.203904814416894
情報発信,6.246752551748759
主体的,4.16450170116584
常日頃,4.16450170116584
分断,4.16450170116584
発見,12.493505103497519
手入れ,4.16450170116584
猛スピード,15.29235983503724
二つ目,12.493505103497519
クロスバイク,12.493505103497519
新聞紙,6.246752551748759
竜巻編,4.16450170116584
指針作成,6.246752551748759
草木,6.246752551748759
自転車双方,12.493505103497519
レス,4.16450170116584
グループ,6.246752551748759
名古屋全域,12.493505103497519
市長,12.493505103497519
付き,3.1233762758743797
仕事,11.46926987627793
会合ならば私,12.493505103497519
ログ,12.493505103497519
シール,6.246752551748759
スマホ運転,12.493505103497519
取り出し,4.16450170116584
自助共助,2.498701020699504
ジロジロ,6.246752551748759
もっと気楽,12.493505103497519
家屋,15.29235983503724
一口,6.246752551748759
食,12.493505103497519
ポスター,2.498701020699504
使い方,15.29235983503724
施行,6.246752551748759
考え方,19.788519814347286
職員,4.16450170116584
地域一体,9.557724896898275
お互い,6.246752551748759
意,17.203904814416894
区内,6.246752551748759
防災アンケート,12.493505103497519
集結,6.246752551748759
問題解決,4.16450170116584
三つめ,12.493505103497519
市町村,12.493505103497519
昨今,6.246752551748759
ご賛同ありがとう,12.493505103497519
ｘｘ時,6.246752551748759
事実名古屋,6.246752551748759
経過,13.763123851533516
知る方法,4.16450170116584
災害弱者,13.982797058898289
防災啓蒙コンテンツ,3.1233762758743797
書き込み,14.88227523227771
高い地区,1.7847864433567884
飲料,3.1233762758743797
自主防災,56.474779522520556
靴,12.493505103497519
愛玩動物管理士,4.16450170116584
出身高校,6.246752551748759
以下,7.64617991751862
面,28.29342601264818
針葉樹,4.16450170116584
本部,3.1233762758743797
交通,4.16450170116584
安全,35.49312115867895
創立当時,12.493505103497519
もっとチカラ,6.246752551748759
免許性,6.246752551748759
ポイント,9.557724896898275
一人歩き,4.16450170116584
報告,17.203904814416894
自転車,68.37514602647826
受信,12.493505103497519
ノミ,6.246752551748759
一時停止,11.46926987627793
携帯,14.391650774070754
総合計画,3.1233762758743797
マナー,22.078100619313087
新た,7.64617991751862
家具転倒,4.16450170116584
大事,18.86228400843212
浸水,6.246752551748759
ママチャリ,12.493505103497519
図書カード,6.246752551748759
2回,6.246752551748759
一瞬,4.16450170116584
林さん・・・私,12.493505103497519
自転車通学停止,12.493505103497519
復旧,6.246752551748759
スマホ,9.557724896898275
何度も足,6.246752551748759
シフト,6.246752551748759
勘違い,6.246752551748759
今,64.35208317999866
必要,104.42906369920131
支出,4.16450170116584
障害学習センター,6.246752551748759
学生,16.190607120829597
効果的,4.16450170116584
学区単位,6.246752551748759
紹介,8.02848891339455
当,6.246752551748759
名古屋人,6.246752551748759
ハザードマップ,6.246752551748759
防災訓練用アプリ,12.493505103497519
交通事故対策,6.246752551748759
飼育ルール,4.16450170116584
ルール,6.690407427828792
遺失利益,3.259175244390657
植物学,6.246752551748759
お付き合い,6.246752551748759
交通事故,11.46926987627793
小単位,6.814639147362283
防災時,6.246752551748759
展開,28.006318854289894
防災アプリ,12.493505103497519
紙,6.246752551748759
注意,32.381214241659194
支援,15.650589947985527
考える人,6.246752551748759
動物経験,6.246752551748759
映像,13.203598805902482
部分,26.358888333449308
防災名簿作り,6.246752551748759
メール配信,4.16450170116584
班長・・・,6.246752551748759
福岡VMAT,4.16450170116584
名古屋市在住,3.1233762758743797
若い人,13.492172600691333
数百,6.246752551748759
各区総務課,12.493505103497519
既存,14.391650774070754
体,9.557724896898275
声かけ,12.493505103497519
税金,12.493505103497519
財政,9.557724896898275
いたこ,15.29235983503724
都市計画,17.298020468826106
遠隔自治体,12.493505103497519
情報,71.61369643932323
4回,6.246752551748759
以外,12.493505103497519
フグ,6.246752551748759
水害編,4.16450170116584
おかしい,4.16450170116584
一体,12.592694427311908
都道府県,4.16450170116584
HP見て,6.246752551748759
端,9.557724896898275
山奥,6.246752551748759
作る風土づくり,3.1233762758743797
向上,8.601952407208447
作品,24.303688316102832
１１９通報訓練,4.16450170116584
教育用,6.246752551748759
ご意見,9.557724896898275
毎年２回,6.246752551748759
消防等,3.1233762758743797
OK,2.08225085058292
ものづくり,6.246752551748759
ズレ,4.16450170116584
掲載,11.46926987627793
役割,2.08225085058292
高校生,11.46926987627793
神戸市,17.203904814416894
出没,6.246752551748759
毎日先生,6.246752551748759
身内,6.246752551748759
情報提供,6.246752551748759
メール,6.246752551748759
意思,6.246752551748759
アイデア募集,6.246752551748759
自分,48.00356259414247
パトロール,11.46926987627793
周り,6.246752551748759
福島,19.788519814347286
昼間,3.1233762758743797
記事,4.16450170116584
被害軽減,4.16450170116584
下敷き,6.690407427828792
３点,4.16450170116584
活発,26.984345201382666
・・・結局,6.246752551748759
一人世帯,6.246752551748759
日本一,6.246752551748759
再編集,9.557724896898275
百,4.16450170116584
方法,15.432777825080825
データ,4.16450170116584
既出,4.16450170116584
地域,145.9221709058527
機,6.246752551748759
被災者,9.557724896898275
行政,35.523483461252575
ライフライン,3.1233762758743797
認定,4.16450170116584
もっと小さい地域,12.493505103497519
広域避難,4.16450170116584
災害ボランティアコーディネータ,4.16450170116584
お金,31.826258509182278
情報交流,4.16450170116584
おこり,6.246752551748759
防災インフラ,6.246752551748759
災害ボランティアコーディネーター,6.246752551748759
震災,4.16450170116584
生活スタイル,9.557724896898275
行政区画,4.16450170116584
行政・区,4.16450170116584
岐阜,17.203904814416894
防災訓練,23.074037419157154
停電期間中,6.246752551748759
実行,6.814639147362283
使用,6.246752551748759
名古屋市,63.727006490970375
中部地方,6.246752551748759
抜き打ち,6.246752551748759
危機感,17.203904814416894
食用油,12.493505103497519
意識付け,12.493505103497519
家具店,12.493505103497519
土石流災害,3.1233762758743797
避難訓練,34.295061833512946
実家,6.246752551748759
知らないよう,6.246752551748759
いただき,19.329943942525475
火災,6.690407427828792
各区バラバラ,6.246752551748759
仕事中心世代・・・,12.493505103497519
小学校区,12.493505103497519
残念,6.246752551748759
同伴避難,6.246752551748759
ラジオ以外,12.493505103497519
今三島市,6.246752551748759
ねがい,6.246752551748759
価値,2.498701020699504
それから数年後ロードバイク,6.246752551748759
第一歩,12.493505103497519
喉,6.246752551748759
多量,3.1233762758743797
工夫,6.246752551748759
membersonlyさん,12.493505103497519
転換,3.1233762758743797
紙ベース,6.246752551748759
情報公開,25.18538885462382
いない自治会,6.246752551748759
留守,12.493505103497519
交通安全,6.246752551748759
その他,4.16450170116584
クラウドファンディング,6.246752551748759
戦災,6.246752551748759
町内ぐるみ,6.246752551748759
体制,4.16450170116584
合わせ,4.16450170116584
普通,10.65003631368665
指導,6.246752551748759
安心,3.1233762758743797
総括,14.391650774070754
街,28.600233214842444
入り口,6.246752551748759
ならば,4.16450170116584
市民,59.30543973709283
区政協力委員,32.12489515639135
トクホ,4.16450170116584
大切,50.36249987999894
さそうですよ,6.246752551748759
質,4.16450170116584
自転車免許,25.721296375134706
歩道,25.461006807345825
通勤,3.1233762758743797
消防団,15.432777825080823
強化運動,6.246752551748759
連絡形態,6.246752551748759
民間,7.64617991751862
一例,3.1233762758743797
面倒,6.246752551748759
結局,16.190607120829597
多発,6.246752551748759
子ども,17.203904814416894
生涯学習センター,17.203904814416894
投入,12.493505103497519
近助,4.16450170116584
あくま,11.693216253932487
心の問題,6.246752551748759
圧倒的,6.246752551748759
自動車,11.46926987627793
免許,6.246752551748759
災害発生時,6.246752551748759
東京都,22.93853975255586
体験型,19.788519814347286
減災,20.592881510507272
災害時動物救護ボランティア,12.493505103497519
ソーシャルゲーム化,6.246752551748759
学区以外,6.246752551748759
何か,6.246752551748759
機会,7.64617991751862
被害,31.301179895971053
東北,6.246752551748759
働きかけ,6.246752551748759
きるとおもい,6.246752551748759
こども,12.493505103497519
地震,20.35753429324433
body,12.493505103497519
避難訓練だって,12.493505103497519
基本スタイル,4.16450170116584
費用対効果,12.493505103497519
協助,4.16450170116584
約２６万人,4.16450170116584
１２月１日,6.246752551748759
自転車交通,3.1233762758743797
協力,39.91402636095794
いるから,6.246752551748759
消防局防災部,4.16450170116584
ご病気,6.246752551748759
調査,4.16450170116584
たいと,4.16450170116584
行方不明者,4.16450170116584
結局意味,6.246752551748759
治水全般,4.16450170116584
ちなみ,21.58747616110613
確か,51.03481958093759
文化圏,4.16450170116584
管理,4.16450170116584
地震恐怖症,6.246752551748759
安全指導,6.246752551748759
見聞き,4.16450170116584
サイト,49.38173378598811
スピード,17.203904814416894
同時進行,4.16450170116584
インプット,2.498701020699504
採用,6.246752551748759
明示,4.16450170116584
一緒に,6.246752551748759
気力,4.16450170116584
自主防災組織班長,4.16450170116584
タウンミーティング,14.336587345347414
補修,6.246752551748759
免許制度,6.246752551748759
初参加,12.493505103497519
シェア,6.246752551748759
調理,6.246752551748759
まとめ,17.203904814416894
未知,12.493505103497519
ライン,4.16450170116584
改正,6.246752551748759
区民,6.246752551748759
自然,6.246752551748759
防災関係,6.246752551748759
受援計画,4.16450170116584
区長さん,6.246752551748759
学区内,4.16450170116584
活用,12.952485696663679
津波災害,4.16450170116584
強化,24.006543283459056
大声コンテスト火事,12.493505103497519
８９５ｈＰａ,3.1233762758743797
プール,11.990600325199654
命,20.592881510507272
被害者,14.336587345347414
現在,14.391650774070754
応援,5.734634938138965
たくさん,11.46926987627793
従来,4.16450170116584
自体,4.16450170116584
犬たち,6.246752551748759
浸水期間,6.246752551748759
あり方,19.788519814347286
あと,36.37878402613024
嫌い,4.16450170116584
感心,4.16450170116584
募集,11.153529349904833
火力発電所,6.246752551748759
運動,17.203904814416894
一緒に東日本大震災,6.246752551748759
or,12.493505103497519
いいな,6.246752551748759
お知らせ,11.46926987627793
説明会みたい,4.16450170116584
極相,4.16450170116584
国連地域開発センター,3.1233762758743797
意見,72.4931628868237
自助,46.42684223557933
クリエイター向け,4.16450170116584
枠組み,6.246752551748759
すみません質問ばかり,12.493505103497519
高い森林,6.246752551748759
副会長,6.246752551748759
極相林,6.246752551748759
しまいま,11.46926987627793
ショッキング,6.246752551748759
対策,18.86228400843212
防災イベント,17.203904814416894
ペット問題,4.16450170116584
守山区,4.16450170116584
電子地図,6.246752551748759
コツコツ,6.246752551748759
女性会,6.246752551748759
中止,4.16450170116584
全区,6.246752551748759
シンクタンク,4.16450170116584
タイヤ,6.246752551748759
被害縮小,12.493505103497519
目,22.93853975255586
間違い,21.58747616110613
すくない,12.493505103497519
水分,6.246752551748759
会社,5.354359330070365
長期的,9.557724896898275
今後,15.29235983503724
組織,27.777225254618315
漠然,6.246752551748759
浜岡,6.246752551748759
場合,19.76916625008698
ご検討,4.16450170116584
ＷＥＢコンテンツ,6.246752551748759
意味,35.00888436010051
いまいち,6.246752551748759
なごや防災ボラネット,12.493505103497519
飼い主,24.006543283459056
ころも自分,4.16450170116584
ブラッシュアップ,9.557724896898275
廃人,4.16450170116584
なんだろう,6.246752551748759
KSamanthaA,6.246752551748759
健康,17.586213810292826
・・・,108.45407970363019
身近,6.246752551748759
明治政府,4.16450170116584
背比べ,4.16450170116584
１７１,12.493505103497519
交流圏,4.16450170116584
圧力,6.246752551748759
大多数,6.246752551748759
コミュニティサイクル,3.1233762758743797
ちょっと極端,3.1233762758743797
ソフト,3.1233762758743797
トイレ,12.493505103497519
ペット関係,6.246752551748759
各地区,4.16450170116584
なるとおもい,6.246752551748759
長年暮らし,4.16450170116584
加入,17.203904814416894
地図,1.7847864433567884
世代交代,6.246752551748759
それぞれに,4.16450170116584
町内会役員,4.16450170116584
ワークショップ,2.498701020699504
手信号,6.246752551748759
エコナ,12.493505103497519
漫画家,3.1233762758743797
家庭,2.498701020699504
仕組みづくり,9.557724896898275
素敵,6.246752551748759
福井,6.246752551748759
床上浸水,1.7847864433567884
名,4.16450170116584
市政,26.984345201382666
任意,6.246752551748759
減災啓蒙コンテンツ,2.498701020699504
室蘭市,12.493505103497519
整備,32.250352855134274
一部,11.693216253932487
通報,6.246752551748759
モノづくり,4.16450170116584
広域大規模災害,12.493505103497519
愛知県,18.004907462594296
最近連続,3.1233762758743797
がんじがらめ,12.493505103497519
思い出,12.493505103497519
並列,3.1233762758743797
原付免許,6.246752551748759
機運,6.246752551748759
春日井工業高校さん,6.246752551748759
ツイッター,9.557724896898275
正直お年,6.246752551748759
消防署,9.557724896898275
取組,12.425042365967757
住民密着,6.246752551748759
レベル,4.16450170116584
三島市,32.4067627970547
ゲーム,5.161171444325069
○町,1.7847864433567884
ケガ,6.246752551748759
北部,4.16450170116584
天気ページ,4.16450170116584
気軽,6.246752551748759
毎回高校生,4.16450170116584
次期総合計画,12.493505103497519
アレルギー,4.16450170116584
広域巨大災害,4.16450170116584
自宅,14.391650774070754
同行避難,9.557724896898275
利活用,6.246752551748759
かかる金額,6.246752551748759
避難指示,9.557724896898275
・・・ヤフーさん,6.246752551748759
正直大通り,4.16450170116584
概算要求時点,12.493505103497519
振込み詐欺,4.16450170116584
改革,6.246752551748759
エキスパート,3.1233762758743797
運営マニュアル,6.246752551748759
ボランティア活動,6.246752551748759
イベントレベル,4.16450170116584
倒壊,9.123282856130173
飼う犬,6.246752551748759
ほか,14.391650774070754
養成,4.16450170116584
災害派遣獣医療チーム,4.16450170116584
災害ボランティア,25.461006807345825
避難所マップ,6.246752551748759
部,6.814639147362283
障害,14.391650774070754
ころも,24.2859106812444
実施事例,6.246752551748759
自主防災組織,41.66583788192747
経験,7.64617991751862
漫画,6.1169439340148966
浸透,6.246752551748759
自己満足,12.493505103497519
衰退,6.246752551748759
担当者,14.391650774070754
教育,29.653749375130474
皆様三島市,6.246752551748759
緊急時,6.246752551748759
さっぱ,12.493505103497519
マスコミ,4.16450170116584
毒,6.246752551748759
大阪,11.46926987627793
解決,6.246752551748759
並,6.246752551748759
躊躇,6.246752551748759
httpswwwfacebookcominuneko2dekirukoto本日,4.16450170116584
泳ぐ,12.493505103497519
コンテンツ,23.06402729176815
運営,10.793738080553064
優先的,1.7847864433567884
さ,3.1233762758743797
PC,6.246752551748759
ページ,14.391650774070754
下,17.203904814416894
上,11.46926987627793
警察,46.83245759685733
大村知事,12.493505103497519
一,4.16450170116584
防災対策,9.557724896898275
モデル,5.734634938138965
とりしまり,6.246752551748759
前提,7.64617991751862
自動車事故,6.246752551748759
区,40.36204776059426
短い期間,6.246752551748759
自力,4.16450170116584
名古屋港周辺,4.16450170116584
各小学校体育館,2.08225085058292
施策展開,4.16450170116584
動くこと,6.246752551748759
重要さ,3.1233762758743797
関心,7.64617991751862
大きい,6.246752551748759
防災科学技術研究所,6.246752551748759
産業,12.493505103497519
学ぶ,12.493505103497519
対象,11.46926987627793
問題,24.303688316102832
なかったこと,4.16450170116584
発災,6.246752551748759
同行,6.246752551748759
家族,21.434413645945593
浮遊対策,4.16450170116584
ライセンス,6.246752551748759
住民,27.847976195534496
冠水,6.246752551748759
あるとおもい,6.246752551748759
後押し,6.246752551748759
提携,12.493505103497519
すいから,6.246752551748759
町内,36.600197285559624
今年２月,6.246752551748759
抽選,6.246752551748759
アイディアソン,6.690407427828792
しょう,61.554166519998724
老朽化,6.246752551748759
避難難民,12.493505103497519
動物,31.301179895971057
震災編,4.16450170116584
環境,18.004907462594296
住宅,8.994781733794222
作る,11.46926987627793
養成講座,17.203904814416894
復興,16.290154370918646
市民向け,4.16450170116584
説明不足,12.493505103497519
福岡市,4.16450170116584
そう,65.21492397243445
高い,14.391650774070754
恐怖,6.246752551748759
名古屋版,12.493505103497519
名誉職,17.203904814416894
防災力,3.1233762758743797
存在なのだ,12.493505103497519
見積もり,17.203904814416894
遠く,6.246752551748759
印象,6.246752551748759
結果,6.246752551748759
決定,6.246752551748759
一斉放水,3.1233762758743797
平日,6.246752551748759
町内会レベル,6.246752551748759
公園内,3.1233762758743797
広域,6.246752551748759
映像作家,3.1233762758743797
近所,2.498701020699504
生物学上,6.246752551748759
家具メーカー,12.493505103497519
アーカイブ,12.493505103497519
８２４ｍｍ,3.1233762758743797
特典,6.246752551748759
大勢来る盛りたくさん,6.246752551748759
枠組み作り,6.246752551748759
想定,26.358888333449308
もぐら,6.246752551748759
ワーク,2.498701020699504
具体,4.16450170116584
防災無線,40.527650843685734
町,6.246752551748759
災害ボランティアさん,4.16450170116584
11万人,6.246752551748759
教材,6.246752551748759
いかが,9.557724896898275
いいわけ,12.493505103497519
生,3.1233762758743797
いただきたい,15.29235983503724
公衆電話設置場所一覧,4.16450170116584
法違反,12.493505103497519
不可欠,6.246752551748759
約２２７万人,4.16450170116584
敏感,6.246752551748759
消防士さん,3.1233762758743797
遠慮がち,6.246752551748759
仕事中心世代,4.16450170116584
一次,4.16450170116584
広報誌,6.246752551748759
伊豆大島,3.1233762758743797
防犯パトロール犬,17.203904814416894
ですか,11.46926987627793
ながら地域自治,4.16450170116584
向こう３軒両隣,4.16450170116584
ながら,17.14753091675647
液状化,4.16450170116584
作成,9.557724896898275
遅刻,12.493505103497519
巧み,4.16450170116584
オープンデータ,6.246752551748759
議事録等,6.246752551748759
マダニ駆除,6.246752551748759
急務,4.16450170116584
自助力,3.1233762758743797
マニュアル,12.493505103497519
住民同志,12.493505103497519
ヤフー,9.557724896898275
入手,4.16450170116584
COLLAGREE,4.16450170116584
推進,11.693216253932487
もっと自分たち,2.498701020699504
自転車ナンバー制度,12.493505103497519
なると,24.665350344616265
県立高校,6.246752551748759
気楽,6.246752551748759
無理,6.246752551748759
CCBYライセンス,4.16450170116584
職員さん,4.16450170116584
右下,9.557724896898275
定義,4.16450170116584
クリック,6.246752551748759
有効活用,4.16450170116584
承知,4.16450170116584
ボランティア担当者,6.246752551748759
土地,4.16450170116584
最大瞬間風速９０ｍ,3.1233762758743797
しょう・・・,6.246752551748759
UP,6.246752551748759
負債,17.203904814416894
アピール,14.391650774070754
次,10.922234962464412
ゴーサイン,3.1233762758743797
関東出身,6.246752551748759
若者,14.336587345347414
動き,6.246752551748759
無視,6.246752551748759
対価,12.493505103497519
名古屋市全部,12.493505103497519
スタンス,12.493505103497519
本当にかわ,6.246752551748759
業者,12.493505103497519
ハード,15.419625829361523
・・・これ,6.246752551748759
様子見学会,4.16450170116584
お邪魔,12.493505103497519
PR活動,12.493505103497519
一言,4.16450170116584
100万人,4.16450170116584
大人,34.59604093765222
かなり,52.7407290409989
討論,22.93853975255586
必須,6.246752551748759
避難行動計画,4.16450170116584
内水氾濫,9.557724896898275
数年前,12.493505103497519
圧死,3.1233762758743797
遠隔地,4.16450170116584
とさん・・・,12.493505103497519
集まること,4.16450170116584
回避,3.1233762758743797
訓練,49.53379547561588
歩行者,21.58747616110613
減災イベント,6.246752551748759
手,16.190607120829597
私たち,4.16450170116584
マナー悪化,6.246752551748759
ソフト面,26.358888333449308
被災地外,9.557724896898275
財政再建団体,4.16450170116584
ご当地ネタコミュニケーション,4.16450170116584
アイデア,44.48062406269571
片手,6.246752551748759
気,29.653749375130474
評価,9.774092622551189
一員である,6.246752551748759
もっと市民,6.246752551748759
一時期,6.246752551748759
家具屋さん,6.246752551748759
その他防災系,12.493505103497519
アドバイス,12.493505103497519
ボタン一つ,6.246752551748759
住民それぞれ,6.246752551748759
水,6.246752551748759
重点戦略,4.16450170116584
年,6.246752551748759
交通安全委員,12.493505103497519
経済圏,4.16450170116584
なのだ,6.246752551748759
率先,6.246752551748759
自動車側,12.493505103497519
e防災マップ,11.46926987627793
ご存知,6.246752551748759
賛成反対,6.246752551748759
プランニング,16.190607120829597
死亡,3.1233762758743797
導入,17.203904814416894
参画,4.16450170116584
教え,12.493505103497519
広葉樹林,4.16450170116584
中川区,6.246752551748759
イベント,11.693216253932487
姿,21.416596770927562
二度,6.246752551748759
850人,6.246752551748759
感じ,39.538332500173965
死亡事故,17.203904814416894
意識改革,6.246752551748759
はじめ,6.246752551748759
各災害ボランティアさん,6.246752551748759
