大きいですよ,5.684712911935851
行為,5.684712911935851
ベンチ,3.7898086079572337
自治体,5.684712911935851
写真,3.7898086079572337
在室,5.684712911935851
分別,10.343239427004159
ビッグデータ,3.7898086079572337
夏,11.369425823871701
福岡,11.369425823871701
1時間,5.684712911935851
判定,5.684712911935851
大きさ,5.684712911935851
許可,10.343239427004159
街,33.58944164569064
集まり,10.47122862203137
緑ですよ,5.684712911935851
過去形,5.684712911935851
ならば,5.684712911935851
パートナー制度おもしろ,11.369425823871701
現実,11.369425823871701
新聞,3.7898086079572337
市民,35.64505133901707
交通,10.47122862203137
駆け足,5.684712911935851
中心,16.7907021884652
機能,15.514859140506239
環状線,5.684712911935851
余暇,11.369425823871701
勿体無いよう,5.684712911935851
都心部,8.619366189170131
１００メートル道路,2.8423564559679253
疑問,5.684712911935851
観点,5.684712911935851
もっと楽しい,5.684712911935851
小学校,3.7898086079572337
１００メータ道路,5.684712911935851
一通り周遊,2.8423564559679253
住居,5.684712911935851
大切,12.887665996346302
速度域,15.985006387188244
健康,13.790985902672212
地下鉄,13.790985902672212
歩道,18.317129660143856
走る速度域,3.7898086079572337
難しいもの,5.684712911935851
オーナー制度,11.369425823871701
正直,10.343239427004159
最後,11.369425823871701
VICS,3.7898086079572337
名ちゃり,11.369425823871701
500台,2.8423564559679253
クルマ,5.684712911935851
いただきたいと,12.41188731240499
ファシリテーターさん,11.369425823871701
民間,25.241917190268396
コメント,5.684712911935851
初投稿,11.369425823871701
面倒,24.164373743149316
市政運営,3.7898086079572337
結局,10.343239427004159
大須,5.684712911935851
前者,5.684712911935851
難しい問題,3.7898086079572337
夜,11.369425823871701
放置自転車対策,10.343239427004159
人,63.036761680268036
つくり,2.8423564559679253
加速,5.684712911935851
明日正午,11.369425823871701
中部エリア,5.684712911935851
行動,5.684712911935851
色々,2.8423564559679253
奥座敷,5.684712911935851
自動車,21.369984603501162
ながら整理,3.7898086079572337
理想,11.369425823871701
先進,3.7898086079572337
毎日使う公園,11.369425823871701
存在,11.276707746803012
つながりそう,3.7898086079572337
周辺,7.7574295702531195
いないよう,3.7898086079572337
環境整備,10.343239427004159
組み合わせ,2.8423564559679253
快適,26.89503113394117
普通,5.684712911935851
道路,32.6242842763885
クロスバイク,3.7898086079572337
アーツ千代田3331,5.684712911935851
魚,11.369425823871701
治水観点,2.8423564559679253
話し合い,3.7898086079572337
サービス,3.7898086079572337
ビジネス,8.619366189170131
記憶,12.929049283755198
ゆとり,6.033556332419092
走る,15.514859140506239
有効活用,2.2738851647743403
場所,26.987359783615336
地ナゴヤ,3.7898086079572337
土地利用,5.684712911935851
誰かが,11.369425823871701
四間道,2.8423564559679253
地下鉄桜通線,5.684712911935851
状況,8.619366189170131
車道,15.514859140506239
ダンボール,3.7898086079572337
景観,5.684712911935851
破壊,5.684712911935851
開業,5.684712911935851
アイディア,21.747936368834385
形成,6.033556332419092
覚え,5.684712911935851
主目的,3.7898086079572337
考えがち,2.2738851647743403
美化,8.619366189170131
づくり,3.7898086079572337
御用水跡街園,5.684712911935851
糞,18.317129660143856
志段味,5.684712911935851
地権者,3.7898086079572337
皆様ありがとう,11.369425823871701
コミュニティ,12.887665996346302
都合,3.7898086079572337
ありがとう,20.686478854008318
自動車城下町ナゴヤ,11.369425823871701
市交通局,3.7898086079572337
紙,5.684712911935851
希望,5.684712911935851
以前名古屋,5.684712911935851
それぞれ,7.7574295702531195
策定,3.7898086079572337
工場,10.343239427004159
仕組み,12.082186871574658
個別,11.369425823871701
エリア,27.077278505001953
マッピング,15.514859140506239
観光ポイント,2.8423564559679253
ゾーニング,3.7898086079572337
過料,2.8423564559679253
民間単独,3.7898086079572337
日本,20.259855533189413
コスト負担,3.7898086079572337
人物,2.8423564559679253
ぶらさがり健康法,5.684712911935851
若宮大通,10.343239427004159
高齢者,20.333766625493983
ウェブ上,2.8423564559679253
利水,2.8423564559679253
市内,16.027488452625875
公園マップ,2.8423564559679253
スポーツタイプ,3.7898086079572337
計画,8.227576816935127
サイクリングロード,14.49862424588959
福岡みたい,5.684712911935851
納屋橋,7.7574295702531195
安全面,4.654457742151871
市バス情報システム,8.619366189170131
周辺住民,5.516394361068885
自分たち,2.8423564559679253
矢田川,2.8423564559679253
交通法規,3.7898086079572337
可住地人口密度,11.369425823871701
知識不足,5.684712911935851
ちなみ,5.684712911935851
復活,5.684712911935851
はしる,3.7898086079572337
ホームレス,5.684712911935851
外部,5.684712911935851
確か,32.253560854231836
しまいま,5.684712911935851
問い,3.7898086079572337
管理,10.343239427004159
集落,5.684712911935851
乗り換え,3.7898086079572337
３０分後,5.684712911935851
第一,2.8423564559679253
出店,5.684712911935851
ちゃんとリサイクル,11.369425823871701
西,5.684712911935851
オアシス,3.7898086079572337
コミュニティサイクル,17.20857687812742
自家用車中心,3.7898086079572337
カラス,3.7898086079572337
もちの木広場,5.684712911935851
東京,32.47509997971986
妥当,3.7898086079572337
森林,5.684712911935851
低層,3.7898086079572337
山あい,5.684712911935851
東区あたり,5.684712911935851
ご家族,3.7898086079572337
プロジェクト,5.684712911935851
リサイクル,27.475694490215783
一緒に,3.7898086079572337
市民生活,11.369425823871701
土木事務所,5.684712911935851
レジ袋,5.684712911935851
難しい議論,3.7898086079572337
後世,6.033556332419092
先取り,3.7898086079572337
行政サービス,8.619366189170131
あくま,2.8423564559679253
田淵寿郎さん,15.304103370661233
廃止,2.8423564559679253
なかったですか,11.369425823871701
売却費用,20.686478854008318
山積,3.7898086079572337
一般道,3.7898086079572337
交通網,5.684712911935851
３つ,5.684712911935851
問屋街エリア,5.684712911935851
追加,20.686478854008318
名古屋人皆,5.684712911935851
毎日利用,3.7898086079572337
夏中央分離帯,11.369425823871701
聞こえ,5.684712911935851
コミュニケーション,5.684712911935851
四季,10.343239427004159
矢場町,5.684712911935851
適当,11.369425823871701
たま,8.619366189170131
ださい,15.514859140506239
学区,8.619366189170131
駅前商店街,2.8423564559679253
都市基盤,5.684712911935851
松重閘門,2.8423564559679253
名古屋圏域,5.684712911935851
ペットボトル,13.790985902672212
近未来,3.7898086079572337
生まれ名古屋,5.684712911935851
メンテナンス,3.7898086079572337
筋,5.684712911935851
日本の交通システム,11.369425823871701
遊具,10.343239427004159
交換,2.8423564559679253
特に集合住宅,11.369425823871701
地形,3.7898086079572337
神奈川,5.684712911935851
住環境,2.8423564559679253
中川閘門,2.8423564559679253
環境局職員,5.684712911935851
破棄,5.684712911935851
犬,38.00489447309202
トラブル,2.2738851647743403
環境面等,5.684712911935851
自然,54.746241764757514
きると見る,2.8423564559679253
環境保全,3.7898086079572337
自身,2.8423564559679253
雑談程度,5.684712911935851
実際,20.686478854008318
ホコ天,5.684712911935851
耐震性,3.7898086079572337
桜通り,5.684712911935851
共同利用,2.2738851647743403
政令市,5.684712911935851
幹線道路,5.684712911935851
何か事,2.2738851647743403
公開,2.8423564559679253
活用,16.775926351977102
テスト,5.684712911935851
優先,5.684712911935851
五平餅共栄圏,11.369425823871701
罰,11.369425823871701
通勤エリアである,5.684712911935851
イメージ,35.010628908473954
コスト,21.2646488939714
地上,2.8423564559679253
便利,8.860270372488081
スロー,3.7898086079572337
規格,3.7898086079572337
抜き取り対策,20.686478854008318
申し訳,11.369425823871701
昼,3.7898086079572337
市,21.881643067796222
閉鎖,10.343239427004159
道路環境,11.369425823871701
現在,5.684712911935851
台北,3.7898086079572337
東山線,5.684712911935851
たくさん,12.887665996346302
リアルタイム,2.8423564559679253
ＣＯＰ１０,5.684712911935851
通学通勤,5.684712911935851
樹木,5.684712911935851
散乱,3.7898086079572337
昼食,3.7898086079572337
指定,4.654457742151871
面白い,5.684712911935851
指定管理,3.7898086079572337
もっと直進,11.369425823871701
回廊モデル事業等,5.684712911935851
用途変更,2.2738851647743403
成功,11.369425823871701
勇気,3.7898086079572337
募集,5.684712911935851
結構,11.369425823871701
誇り,12.929049283755198
中川運河,15.304103370661233
あふれるまちづくり,3.7898086079572337
昔,10.343239427004159
開発,3.7898086079572337
名古屋,74.91750191096124
近く,29.17552409039496
学校,5.684712911935851
ことなら,5.684712911935851
検討,8.699174547533753
いいな,5.684712911935851
子供会,24.164373743149316
大都市,5.684712911935851
要求,2.2738851647743403
人たち,11.369425823871701
現在東京在住,11.369425823871701
一度,5.684712911935851
議論,21.034930991890327
オーナー費,3.7898086079572337
道,39.51163317918163
特に有名,3.7898086079572337
きれいなのは,5.684712911935851
郊外型,2.8423564559679253
提案,8.619366189170131
運用,5.684712911935851
意見,36.71854462461897
積極的,7.7574295702531195
きっか,5.684712911935851
在り方,5.516394361068885
社会実験,2.8423564559679253
再構築,3.7898086079572337
寄付,11.369425823871701
両方,2.8423564559679253
取り組み,32.253560854231836
木,12.887665996346302
試験的,11.369425823871701
本,11.369425823871701
言葉,21.369984603501162
ガーデン,5.684712911935851
伸び放題,5.684712911935851
納屋橋夜イチ,5.684712911935851
推定,2.8423564559679253
移動手段,7.7574295702531195
実感,10.343239427004159
処理能力,5.684712911935851
一服,10.343239427004159
考慮,3.7898086079572337
友達,5.684712911935851
実現,18.317129660143852
GPS,3.7898086079572337
往来,5.684712911935851
理解,8.619366189170131
昼寝,11.369425823871701
お待ち,5.684712911935851
走ること,2.2738851647743403
不自由,3.7898086079572337
清掃,2.8423564559679253
税収,3.7898086079572337
守山区,3.7898086079572337
平日月曜日,3.7898086079572337
空気,3.7898086079572337
大自然､,5.684712911935851
ホタル,5.684712911935851
戦後,5.684712911935851
部類,5.684712911935851
知らない,15.514859140506239
以前,10.343239427004159
運行状況,3.7898086079572337
提供,3.7898086079572337
洗い出し,5.684712911935851
実体験,5.684712911935851
効率,2.8423564559679253
広小路通,5.684712911935851
空き缶,5.684712911935851
目,3.7898086079572337
ちい,2.8423564559679253
市長部局,2.8423564559679253
春日井市,10.343239427004159
スレッド,14.49862424588959
なかった記憶,5.684712911935851
事故防止,5.684712911935851
印象的,3.7898086079572337
共感,5.684712911935851
再開発,5.684712911935851
歩道橋,5.684712911935851
組織,5.684712911935851
街づくり,2.8423564559679253
ゴミ,11.369425823871701
いま企業,5.684712911935851
的確,5.684712911935851
appleおじさんさん,11.369425823871701
場合,18.964090658756724
直接的,5.684712911935851
土日,5.684712911935851
ネット,5.684712911935851
憧れ,5.684712911935851
夢物語,3.7898086079572337
小公園,3.7898086079572337
条例,11.369425823871701
ダンボールコンポスト,5.684712911935851
表示板等,5.684712911935851
意味,15.514859140506239
・・・これ,3.7898086079572337
最悪,5.684712911935851
家族,15.514859140506239
路側帯,5.684712911935851
交流,10.343239427004159
飼い主,11.369425823871701
心配,3.7898086079572337
道幅,5.684712911935851
発想,5.684712911935851
パートナー,11.369425823871701
使うこと,5.684712911935851
撮影,3.7898086079572337
ナゴヤ,12.887665996346302
空,3.7898086079572337
すみません,20.686478854008318
色分け,2.2738851647743403
子ども,11.369425823871701
豊か,17.720540744976166
有名,10.343239427004159
走行,8.619366189170131
子供,27.475694490215783
必然的,3.7898086079572337
公園,72.88509688154771
身近,39.3869575220332
いま全国,5.684712911935851
ぶんおん,5.684712911935851
Ｙｅｓ,3.7898086079572337
街路樹,12.887665996346302
イコール,3.7898086079572337
一石二鳥,11.369425823871701
展開,11.369425823871701
スマートモビリティー,11.369425823871701
バリアフリー,3.7898086079572337
いない子ども,3.7898086079572337
表示,2.8423564559679253
3年,3.7898086079572337
アップダウン,5.684712911935851
ドリンク,5.684712911935851
ぬいぐるみ,3.7898086079572337
人口密度,5.684712911935851
マイサイクル,2.8423564559679253
残念ながらCONBi本陣,5.684712911935851
基本的,5.684712911935851
雑草,5.684712911935851
樹木オーナー,5.684712911935851
気をつけ,11.369425823871701
防犯,11.369425823871701
十分,5.684712911935851
今後,3.7898086079572337
リスク,5.684712911935851
認識,12.887665996346302
一つ,12.887665996346302
範囲,2.2738851647743403
生きて,5.684712911935851
皆様,5.684712911935851
緑区,3.7898086079572337
土地開発,5.684712911935851
都市環境,24.369550654501754
近所,11.369425823871701
手軽,5.684712911935851
施設,14.49862424588959
週,4.872611067373586
結構公園,11.369425823871701
持続可能,3.7898086079572337
民営化,5.684712911935851
指定管理者,7.7574295702531195
観光面,2.8423564559679253
もっと利用,5.684712911935851
ごみ,12.929049283755198
指定後,3.7898086079572337
毎日,5.684712911935851
バス,10.47122862203137
回収,13.327018246221742
川,12.887665996346302
強制的,5.684712911935851
元気,5.684712911935851
ちょっと,15.514859140506239
運行データ,5.684712911935851
車両,3.7898086079572337
仕分け,11.369425823871701
子供たち,7.7574295702531195
のもの,3.7898086079572337
テスト運用,5.684712911935851
忘年会新年会,5.684712911935851
影響,11.369425823871701
名古屋市民,10.343239427004159
予算削減,3.7898086079572337
車線,15.514859140506239
しまいますし,11.369425823871701
金曜日,8.619366189170131
植物観察,3.7898086079572337
公園化,5.684712911935851
発祥,3.7898086079572337
アルミ,5.684712911935851
原野,3.7898086079572337
可能性,9.987941147168383
情操教育,3.7898086079572337
お年寄り,3.7898086079572337
モータリゼーション,8.619366189170131
現状,10.343239427004159
右側,5.684712911935851
事例,11.276707746803012
アセットマネジメント,5.516394361068885
試み,8.619366189170131
史跡,2.8423564559679253
tool,2.8423564559679253
参入,5.684712911935851
廃校校舎,2.2738851647743403
どうでしょう,20.606770867661837
話題,5.684712911935851
整備,28.850285062200623
通報,3.7898086079572337
あとちょっと建物,11.369425823871701
方,5.684712911935851
お金,7.7574295702531195
制度,3.7898086079572337
重視,2.8423564559679253
モビリティ構想,5.684712911935851
残念ながら伏見通,11.369425823871701
愛岐トンネル群,11.369425823871701
ボランティア保険,8.619366189170131
お仕事,11.369425823871701
日々,3.7898086079572337
まち,5.684712911935851
通勤通学,3.7898086079572337
分断,10.343239427004159
果たして,3.7898086079572337
面,3.7898086079572337
食べ物,11.369425823871701
処理,5.684712911935851
カテゴリー,11.369425823871701
不足,5.684712911935851
生活圏,5.684712911935851
近接地域間,2.8423564559679253
ですから遠出,5.684712911935851
絶対数,5.684712911935851
比較的幅,5.684712911935851
過度,3.7898086079572337
自転車中心,3.7898086079572337
使うよう,3.7898086079572337
合意,2.2738851647743403
一体,10.47122862203137
公園デビュー,3.7898086079572337
前面,6.033556332419092
教育施策,2.8423564559679253
何か協同,2.8423564559679253
数％,3.7898086079572337
今,43.49904570185133
枠,5.684712911935851
性能,5.684712911935851
他,28.194596765332427
屋台,19.6934787610166
知人,5.684712911935851
都市内,2.2738851647743403
左側通行,24.164373743149316
商業,2.8423564559679253
自転車道構想,5.684712911935851
お花,3.7898086079572337
大学生,11.369425823871701
仙台,5.684712911935851
何か,5.684712911935851
終電はやすぎ・・・,11.369425823871701
歩行,10.343239427004159
住まいづくり,3.7898086079572337
区間,3.7898086079572337
一翼,2.2738851647743403
会,5.684712911935851
いるか,5.684712911935851
取組,11.369425823871701
健康増進,12.887665996346302
付き添い,3.7898086079572337
充実,14.501060980947218
戦争,2.8423564559679253
いくら,2.2738851647743403
ゲーム,3.7898086079572337
興味,14.49862424588959
邪魔,5.684712911935851
普通に庭付き一戸建て,5.684712911935851
前,20.42286686327647
ガラス,5.684712911935851
草木,5.684712911935851
資源,19.331498994519453
様々,7.7574295702531195
デメリット,5.684712911935851
課外授業,3.7898086079572337
抜き取り,11.369425823871701
当面,5.684712911935851
広ブラ,5.684712911935851
プロジェクション,5.684712911935851
市長,3.7898086079572337
各区,5.684712911935851
都心,22.437259724683017
市民レベル,11.369425823871701
見る機会,5.684712911935851
コミュニティサイクル単体,5.684712911935851
発言,13.790985902672212
朝みんな,5.684712911935851
生ゴミ,3.7898086079572337
到来,5.684712911935851
集まる東京,2.8423564559679253
旧街道,14.49862424588959
2011年,11.369425823871701
木陰,11.369425823871701
山並み,11.369425823871701
市民参加型,5.684712911935851
中部エリア全体,3.7898086079572337
公共交通網,3.7898086079572337
祭りごと,11.369425823871701
徹底,15.514859140506239
明日も仕事,11.369425823871701
発生,2.2738851647743403
差別地名だって,3.7898086079572337
社会問題,2.2738851647743403
自転車駐輪場,5.684712911935851
オフ,5.684712911935851
渋滞等,3.7898086079572337
管轄,5.684712911935851
地域住民,2.8423564559679253
父,5.684712911935851
将来的,3.7898086079572337
幹線道路沿道,3.7898086079572337
市民サービス,3.7898086079572337
罰金,6.033556332419092
趣旨,5.684712911935851
家屋,3.7898086079572337
空き地,5.684712911935851
情報交換,11.369425823871701
有効,2.8423564559679253
散策,5.684712911935851
定期運航,5.684712911935851
予測,5.684712911935851
思考第一,2.8423564559679253
住む人たち,2.8423564559679253
こちら,5.684712911935851
考え方,11.369425823871701
ビル,3.7898086079572337
資料,2.8423564559679253
桜並木,11.369425823871701
いるから,5.684712911935851
ヒメホタル,5.684712911935851
ルール,5.684712911935851
過日,5.684712911935851
おもい,5.684712911935851
参加,26.64424592306108
コミュ二ティーサイクル,11.369425823871701
否定的,2.8423564559679253
岐阜,5.684712911935851
たらい,3.7898086079572337
夜空,3.7898086079572337
意向,3.7898086079572337
生活,12.974633509268562
感,5.684712911935851
方策,3.7898086079572337
千種区,5.684712911935851
岐阜駅周辺,5.684712911935851
行く末,5.684712911935851
健康状態,2.8423564559679253
それから,15.514859140506239
効果,2.8423564559679253
体験,7.7574295702531195
ころも,5.684712911935851
ながら送り出し,3.7898086079572337
市民意見,2.2738851647743403
白鳥庭園,2.8423564559679253
焼野原,2.8423564559679253
観る,3.7898086079572337
昨今,3.7898086079572337
衰退,5.684712911935851
補助金,5.516394361068885
特にお子さん,3.7898086079572337
教育,2.8423564559679253
開催,24.164373743149316
臭い,5.684712911935851
ケッタウェイ構想,5.684712911935851
スチール,5.684712911935851
平和公園,7.7574295702531195
高い名古屋,3.7898086079572337
水辺,20.606770867661837
罪,11.369425823871701
運行情報,2.8423564559679253
がち,5.684712911935851
放置,9.665749497259727
根付,3.7898086079572337
社会見学,15.514859140506239
Nayabashi5さん,8.619366189170131
垣根,2.8423564559679253
コミニティサイクル,5.684712911935851
糞対策,12.929049283755198
親子,5.684712911935851
場合コミュニティーサイクル,5.684712911935851
関与,5.684712911935851
主,5.684712911935851
もったいないですよ,11.369425823871701
あたり,20.686478854008318
配慮,2.8423564559679253
自転車乗り,3.7898086079572337
以上,5.684712911935851
注目,12.929049283755198
現実的,20.686478854008318
警察OB,2.8423564559679253
なかった,12.887665996346302
母,8.619366189170131
大津通,5.684712911935851
意図的,2.8423564559679253
SKE48,5.684712911935851
難しいテーマ,3.7898086079572337
サイト見て,11.369425823871701
地形的制約,5.684712911935851
住人,3.7898086079572337
左側通行ですよ,5.684712911935851
意識,11.276707746803012
GET,5.684712911935851
運営,5.684712911935851
昼間人口,5.684712911935851
いただきたいとおもい,11.369425823871701
さ,14.49862424588959
便利ですよ,5.684712911935851
目的財産,2.2738851647743403
都心渋滞問題,3.7898086079572337
安全,7.240267598902911
賑わい,5.684712911935851
先,5.684712911935851
風情,2.8423564559679253
ロハス,3.7898086079572337
壮大,2.8423564559679253
駐輪機械等,3.7898086079572337
ボランティアさん,3.7898086079572337
元,5.684712911935851
KSamamthaAさま,11.369425823871701
最近,22.896412075179818
名古屋城,2.8423564559679253
占領軍,3.7898086079572337
融合,5.684712911935851
名古屋中心部,10.343239427004159
車椅子,3.7898086079572337
生息,5.684712911935851
無料,5.684712911935851
広報,5.684712911935851
区,17.58350702590707
旧地名,5.684712911935851
思考,4.012738526072366
撤退戦,5.684712911935851
植木,8.619366189170131
ニーズ,2.8423564559679253
喫煙,3.7898086079572337
落ち着き,3.7898086079572337
廃校,5.684712911935851
駐輪場,2.2738851647743403
行政区分,10.343239427004159
手入れ,3.7898086079572337
コミニティイサイクル事情,11.369425823871701
都市,28.74773902225012
大きい,3.7898086079572337
効率的,6.033556332419092
メンテ代,2.8423564559679253
大規模,9.604436610789577
多く,14.49862424588959
お堀,5.684712911935851
産業,3.7898086079572337
マナー,6.895492951336106
街路樹文化,3.7898086079572337
瀬戸市,5.684712911935851
深呼吸,11.369425823871701
新た,8.619366189170131
問題,13.327018246221742
猫,3.7898086079572337
しょうが,11.276707746803012
日本人的,2.2738851647743403
トヨタ城下町,5.684712911935851
五感,5.684712911935851
有料駐輪場,9.604436610789577
鉄,5.684712911935851
住民,5.684712911935851
雇用,6.033556332419092
郷土愛,7.7574295702531195
利用目的,2.8423564559679253
モビリティー,5.684712911935851
シニアカー,5.684712911935851
うんてい,5.684712911935851
分別徹底,5.684712911935851
世界企業,5.684712911935851
上京,11.369425823871701
ママチャリ,3.7898086079572337
ママさん,3.7898086079572337
基本,2.8423564559679253
政策,2.8423564559679253
自転車専用道路仮名,2.8423564559679253
子育て,11.369425823871701
駐輪場建設,5.684712911935851
簡単,2.2738851647743403
もっと,27.71674788587521
行く,5.684712911935851
重要なのは,5.684712911935851
長い時間,3.7898086079572337
施策,18.234702556496853
解決,5.684712911935851
視野,9.665749497259727
外国,11.369425823871701
辺,2.8423564559679253
活力,3.7898086079572337
風当たり,3.7898086079572337
がっかり,5.684712911935851
大人,19.331498994519453
個性,2.8423564559679253
居住地,2.8423564559679253
自転車利用環境基本計画,3.7898086079572337
農産物,11.369425823871701
飲み物,5.684712911935851
一点,11.369425823871701
交差点,11.369425823871701
しょう,14.49862424588959
里山,3.7898086079572337
グリーン,2.8423564559679253
行政,31.798869484210513
促進,5.684712911935851
聞く機会,5.684712911935851
集中,5.684712911935851
宮の渡し,2.8423564559679253
特別,5.684712911935851
庄内用水緑道,5.684712911935851
時間,3.7898086079572337
バス輸送,3.7898086079572337
必要,32.47234173775386
両方経験,3.7898086079572337
環境,23.34041927231597
久屋大通,5.684712911935851
乗物,2.2738851647743403
全線,5.684712911935851
形,12.929049283755198
パソコン,11.369425823871701
国道302号線,2.8423564559679253
ふれあい緑道,5.684712911935851
軽減,5.684712911935851
近接地域間移動,2.8423564559679253
環境面,2.8423564559679253
言葉自体,5.684712911935851
内容,5.684712911935851
東海エリア,5.684712911935851
サービス機能,2.8423564559679253
選択,7.240267598902911
バス停,5.684712911935851
環境負荷,5.684712911935851
そう,18.931437892701297
寺社,5.684712911935851
３歳,5.684712911935851
高い,3.7898086079572337
はなし,5.684712911935851
都心新宿区,3.7898086079572337
報奨金,3.7898086079572337
欧米では１０年以上前,3.7898086079572337
団体,5.684712911935851
小学校１年生,3.7898086079572337
モビリティ,5.684712911935851
終電,11.369425823871701
墓地,5.684712911935851
ーー,5.684712911935851
希望的観測,3.7898086079572337
不採算,3.7898086079572337
地下街,2.8423564559679253
意見提示,2.2738851647743403
資源ごみ,20.686478854008318
使う,5.684712911935851
リハビリ,5.684712911935851
名所,2.8423564559679253
小額寄付,3.7898086079572337
ビデオ,3.7898086079572337
印象,2.8423564559679253
論点,5.684712911935851
おかし,11.369425823871701
結果,14.49862424588959
かつやんさん,15.514859140506239
システム,3.7898086079572337
見ていないの,11.369425823871701
心霊スポットみたい,5.684712911935851
習慣,3.7898086079572337
ドイツ,3.7898086079572337
平坦さ,3.7898086079572337
・・・,53.05229152502554
テーマ,5.684712911935851
あと,3.7898086079572337
景品,3.7898086079572337
原因,5.684712911935851
お願い,3.7898086079572337
名チャリ,11.369425823871701
文化,11.369425823871701
自動車両方,3.7898086079572337
反対,8.527069367903776
一番快適,5.684712911935851
地理データ,2.8423564559679253
支援,2.2738851647743403
缶,15.514859140506239
流れる堀川,3.7898086079572337
動物愛護,3.7898086079572337
食べる人,3.7898086079572337
放置自転車問題,3.7898086079572337
文章,11.369425823871701
探訪,2.8423564559679253
実態,3.7898086079572337
parkandride,5.684712911935851
斜め懸垂,11.369425823871701
部分,8.860270372488081
仕掛け,5.684712911935851
既存設備,5.684712911935851
建設,7.7574295702531195
愛護会,12.929049283755198
魅力的,10.343239427004159
劣化,8.619366189170131
登録団体表示,3.7898086079572337
的外れ,5.684712911935851
質問,5.684712911935851
京都,5.684712911935851
確保,3.7898086079572337
再生,11.369425823871701
umesisoさん,11.369425823871701
来る人,5.684712911935851
大変,3.7898086079572337
北区,5.684712911935851
50台,2.8423564559679253
観光,6.20150499483911
別,11.369425823871701
特に栄,5.684712911935851
成立,8.619366189170131
小さい頃,2.8423564559679253
町,5.684712911935851
レンタルサイクル都市版,11.369425823871701
タラちゃん,5.684712911935851
憩い,6.895492951336106
昔行政,3.7898086079572337
名古屋市街地,2.8423564559679253
システム廃棄,3.7898086079572337
利用,38.985030000602706
解消,3.7898086079572337
振興,8.619366189170131
表示板,5.684712911935851
いかが,30.63430029491471
臭いですよ,11.369425823871701
北,2.8423564559679253
空間,11.369425823871701
税金,11.369425823871701
カ,5.684712911935851
ですよ,25.186053282697802
差別地名,5.684712911935851
都市計画,30.1500677550428
尾張名古屋,5.684712911935851
金属,10.343239427004159
必要性,5.684712911935851
寄付金,5.684712911935851
レンタサイクル,5.684712911935851
濃尾平野,5.684712911935851
他国,5.684712911935851
情報,19.255845899660677
サザエさん,5.684712911935851
つまみ,5.684712911935851
感動もの,11.369425823871701
農地,3.7898086079572337
札幌,11.369425823871701
パフォーマンス,5.684712911935851
彼女たち,5.684712911935851
地価,3.7898086079572337
都市版,5.684712911935851
散歩道,3.7898086079572337
良質,6.895492951336106
名古屋市予算,2.2738851647743403
管理運営,14.917359382314125
高さ１メートル以上,5.684712911935851
接近情報,5.684712911935851
コミュニティーサイクル,7.7574295702531195
市民活動,3.7898086079572337
もう少し,11.369425823871701
できごと,5.684712911935851
たいと,8.619366189170131
賛成,26.580811117464247
禁止,7.7574295702531195
堀川,16.915061620204522
散歩,5.684712911935851
有意義,6.895492951336106
住宅街,3.7898086079572337
わたし,5.684712911935851
放射状,5.684712911935851
ですか,9.987941147168383
定着,8.619366189170131
移動,10.47122862203137
割,5.684712911935851
端,5.684712911935851
ケッタウェイ,2.8423564559679253
章,3.7898086079572337
作ること,8.619366189170131
超えること,5.684712911935851
比較的,10.343239427004159
引き起こし,3.7898086079572337
環境対策,5.684712911935851
車,35.010628908473954
ながら,10.343239427004159
向上,2.8423564559679253
愛護メンバー,11.369425823871701
実行,13.790985902672212
太極拳,5.684712911935851
住み分け,16.109582495432875
交通事情,5.684712911935851
撤去,5.684712911935851
公共交通,7.240267598902911
遠くへ,11.369425823871701
誕生,5.684712911935851
ことなの,11.369425823871701
大自然,5.684712911935851
植樹,5.684712911935851
使い道,5.684712911935851
ご意見,14.49862424588959
新築,3.7898086079572337
真ん中,5.684712911935851
きれい,15.514859140506239
OK,5.684712911935851
外郭団体,3.7898086079572337
移ろい,5.684712911935851
時代,17.09598768280093
気持ち,11.369425823871701
数百円年,5.684712911935851
舟運,3.7898086079572337
toyota,5.684712911935851
駅,3.7898086079572337
名古屋城外堀,5.684712911935851
公園愛好費,3.7898086079572337
道路脇,5.684712911935851
軸,5.684712911935851
民営,2.2738851647743403
進出,3.7898086079572337
指定そのもの,2.2738851647743403
収容台数,2.8423564559679253
メリット,5.684712911935851
返信,11.369425823871701
了解,5.684712911935851
参考,5.684712911935851
キャンパス,3.7898086079572337
殺伐感,5.684712911935851
もの,5.684712911935851
ブラジリア,12.929049283755198
公共交通機関,12.887665996346302
極端,2.2738851647743403
22時以降,5.684712911935851
役割,16.04653824971723
特に,10.343239427004159
市民ニーズ,3.7898086079572337
推進,9.76913581874339
生物多様性,12.082186871574658
名古屋周辺,5.684712911935851
重点的,10.343239427004159
歩く上,3.7898086079572337
成り,5.684712911935851
ボランティア,7.7574295702531195
連携,3.7898086079572337
１平方キロ当たり９９１本,5.684712911935851
東京おもちゃ美術館,5.684712911935851
直視,3.7898086079572337
喉,5.684712911935851
トピズレ,11.369425823871701
各自,3.7898086079572337
後,12.887665996346302
今１１月定例会,5.684712911935851
トップ,5.684712911935851
市営住宅,3.7898086079572337
木曽川水系連絡導水路事業,5.684712911935851
郊外調布市,3.7898086079572337
なると,16.04653824971723
安心,5.684712911935851
だんだん,11.369425823871701
外,5.684712911935851
自転車利用,3.7898086079572337
横断歩道,5.684712911935851
自分,10.66075312197764
久屋公園,12.887665996346302
周り,5.684712911935851
ファシリテーター,5.684712911935851
河川環境楽園,11.369425823871701
一日,5.684712911935851
話,31.55239648783549
緑地,3.7898086079572337
歴史,3.7898086079572337
昼間,3.7898086079572337
庄内川,2.8423564559679253
自転車道,45.553167304438766
設備投資,11.369425823871701
賃借,3.7898086079572337
将来,5.684712911935851
どんどん,5.684712911935851
にぎわい,5.684712911935851
セグウェイ,5.684712911935851
生き物,3.7898086079572337
ＮＰＯ,3.7898086079572337
芝生広場みたい,11.369425823871701
将来未来,3.7898086079572337
位置,2.2738851647743403
住まい,3.7898086079572337
くないですよ,5.684712911935851
広大,5.684712911935851
教育立国,3.7898086079572337
p31,3.7898086079572337
そもそも,5.684712911935851
土地,12.929049283755198
名古屋市内,12.887665996346302
可能,14.043132739443621
侵入,3.7898086079572337
世界,3.7898086079572337
開示,2.2738851647743403
あると,27.077278505001946
地域活性化,5.684712911935851
定光寺,14.49862424588959
政令指定都市,5.684712911935851
通ろうと,5.684712911935851
名古屋全体,11.369425823871701
高齢化,5.684712911935851
整備活動,3.7898086079572337
中央分離帯,15.514859140506239
町内会,13.790985902672212
初め,5.684712911935851
整理,2.2738851647743403
メンテ,10.343239427004159
慎重,7.240267598902911
子どもたち,5.684712911935851
次,4.872611067373586
置き場,2.8423564559679253
改善,5.684712911935851
方法,5.516394361068885
データ,10.343239427004159
状態,10.343239427004159
ある意味焼却炉,5.684712911935851
若者,5.684712911935851
路面電車,2.8423564559679253
ベビーカー,5.684712911935851
エコ,3.7898086079572337
ツール,2.8423564559679253
地域,34.0957914371462
こんなにも,5.684712911935851
体操,11.369425823871701
海外,5.684712911935851
さき,5.684712911935851
具体的,8.619366189170131
ナビゲーションサービス,2.8423564559679253
勝手,11.369425823871701
既存,5.684712911935851
業者,5.684712911935851
五平餅,11.369425823871701
私的,2.2738851647743403
笑,3.7898086079572337
守山区志段味,5.684712911935851
市バス接近システム,5.684712911935851
足,3.7898086079572337
公園愛護会,5.684712911935851
視点,23.340419272315973
名古屋出身,11.369425823871701
通り,11.369425823871701
多く利用,2.8423564559679253
他都市,3.7898086079572337
皆さん,10.343239427004159
トイレ,5.684712911935851
右側通行,5.684712911935851
足元,11.369425823871701
転用,3.7898086079572337
もったいない,11.369425823871701
法律,5.684712911935851
有料化,5.684712911935851
車社会,5.684712911935851
遊び,14.49862424588959
偏見,3.7898086079572337
東沿岸部,11.369425823871701
財産,2.2738851647743403
こどもたち,5.684712911935851
大阪府泉佐野市,2.8423564559679253
伊勢湾,11.369425823871701
ビックデータ,5.684712911935851
消極的,5.684712911935851
例,3.7898086079572337
共存,10.343239427004159
かなり,15.514859140506239
ビッグデータ的,3.7898086079572337
見る,2.8423564559679253
移転集約,5.684712911935851
大通り,15.514859140506239
ある意味完成,5.684712911935851
進展,2.2738851647743403
再整備,2.8423564559679253
生活スタイル,2.8423564559679253
郊外,3.7898086079572337
勉強不足,5.684712911935851
保護活動,5.684712911935851
ですから,5.684712911935851
街路樹オーナー,12.929049283755198
公共施設,5.684712911935851
教育委員会,5.684712911935851
活動,22.896412075179818
密接,5.684712911935851
愛知万博,11.369425823871701
交通規制,8.619366189170131
赤ちゃん連れ,5.684712911935851
自然愛護,3.7898086079572337
歩行者,5.684712911935851
身の丈,5.684712911935851
シエスタ,11.369425823871701
先日,5.684712911935851
目的,10.343239427004159
市バス,10.343239427004159
長良川河口堰,5.684712911935851
手,13.790985902672212
きると,10.343239427004159
名古屋市,22.611031170056094
中部地方,11.369425823871701
しょうが・・・目,3.7898086079572337
紙ごみ,11.369425823871701
異常,5.684712911935851
幅,5.684712911935851
先日中山道,5.684712911935851
通勤問題解決,5.684712911935851
中部,3.7898086079572337
無駄,5.684712911935851
都市環境づくり,3.7898086079572337
老朽化,5.684712911935851
コミセン等,5.684712911935851
アイデア,15.514859140506239
統一,3.7898086079572337
星空,3.7898086079572337
自転車,60.217743267167386
22日17時,5.684712911935851
場,23.839588457475706
いない,33.16966616862739
若干分別ルール,5.684712911935851
パートナー制度,12.082186871574658
感じですよ,11.369425823871701
個人的,5.684712911935851
複数,5.684712911935851
規制,3.7898086079572337
近場,3.7898086079572337
公園経営,5.684712911935851
いただき,12.887665996346302
コストカット,11.369425823871701
１人,12.887665996346302
明確,15.514859140506239
高齢者向け,11.369425823871701
立地,3.7898086079572337
密集,6.895492951336106
木々,8.619366189170131
外部取締役,5.684712911935851
絞り,3.7898086079572337
水,10.343239427004159
Neoさん,11.369425823871701
転換,5.684712911935851
意義,2.8423564559679253
残念,11.369425823871701
交通軸,5.684712911935851
タウンミーティング,11.369425823871701
減少,3.7898086079572337
両立,10.586297068427319
本当,10.343239427004159
公園運営,5.684712911935851
楽しい場所,11.369425823871701
基盤整備,2.8423564559679253
当時,5.684712911935851
名駅ー栄辺り,11.369425823871701
公的,5.684712911935851
1km,5.684712911935851
使うため,2.8423564559679253
夜間人口,5.684712911935851
無理,11.369425823871701
重要,9.665749497259727
数個,5.684712911935851
道路整備,5.684712911935851
難しい,22.553415493606025
導入,6.3953020259278315
お化け屋敷,11.369425823871701
魅力,26.64424592306108
緑,38.13979069475946
掃除,11.276707746803012
次世代型モビリティー,3.7898086079572337
隣接,5.684712911935851
環境立国,3.7898086079572337
混雑状況,2.8423564559679253
余り市民,3.7898086079572337
スロープ,3.7898086079572337
イベント,17.720540744976166
都市機能,10.47122862203137
一回,5.684712911935851
利用者,6.033556332419092
小さいお子様持ち,3.7898086079572337
小学校2年生,11.369425823871701
姿,3.7898086079572337
事故,10.343239427004159
町内会等,5.684712911935851
公共交通利用,5.684712911935851
導水事業,11.369425823871701
感じ,24.164373743149316
だんだん自転車利用そのもの,3.7898086079572337
鉄棒,5.684712911935851
中央線,11.369425823871701
祭日,5.684712911935851
中国,17.720540744976166
まちづくり,8.619366189170131
昔放置自転車,2.2738851647743403
緩和,5.684712911935851
理由,5.684712911935851
１０年以上前,5.684712911935851
宅地開発,3.7898086079572337
やる気,5.684712911935851
インタビュー,5.684712911935851
ブライアントパーク,5.684712911935851
