ー,28.03163569252744
お子さん,12.911445070115276
カバー,6.455722535057638
白い街,6.455722535057638
先輩方,6.455722535057638
建設,12.911445070115276
交通機関,4.303815023371758
県境,4.303815023371758
なんだろう,23.775394772665276
中心都市,4.303815023371758
地,6.455722535057638
都市群,4.303815023371758
だって,15.85026318177685
機能,33.48956045298539
観光客誘致プロジェクト,4.303815023371758
テ,12.911445070115276
である程度コミュニケーション,12.911445070115276
Naogoya,6.455722535057638
事,6.455722535057638
信長,6.455722535057638
絶対,44.857200180156745
風潮,6.455722535057638
世界１０カ国以上,4.303815023371758
バンコク,12.911445070115276
職,9.906414488610531
ファシリテーターさん,34.348267131267065
それなり,4.303815023371758
当,4.303815023371758
時期,17.831546079498956
プラン,6.455722535057638
利便性,4.303815023371758
バレエスクール,3.227861267528819
車関係,12.911445070115276
取り決め,12.911445070115276
力,22.308176208166373
人,172.10331534528495
空洞化,5.943848693166319
一歩,6.455722535057638
ろくろ,2.5822890140230554
カイゼン,11.887697386332638
名古屋市美術館,2.5822890140230554
現象,6.455722535057638
以前ベトナム人観光客,4.303815023371758
執筆,4.303815023371758
ビジネス環境,9.906414488610531
立場,12.911445070115276
流れ,7.925131590888425
石原裕次郎,6.455722535057638
販売,4.303815023371758
活動的,12.911445070115276
コメダ,14.950205702681302
ご近所さん,6.455722535057638
状況,3.227861267528819
ねずみ色,6.455722535057638
オタク,3.227861267528819
アートサイクル,6.455722535057638
キャリーケース,6.455722535057638
スレ,12.911445070115276
ありがとう,33.63796283103293
ど真ん中祭り,6.455722535057638
希望,3.227861267528819
工場,3.227861267528819
名古屋独自,8.915773039749478
エリア,14.950205702681302
間口,6.455722535057638
芸どころ,30.913440418140354
希薄,11.887697386332638
最初,6.9344901420273715
ミクシィ,11.887697386332638
大改造,7.925131590888425
異なるところ,6.455722535057638
再配分,6.455722535057638
基礎,6.455722535057638
福岡あたり,6.455722535057638
バレエ,6.455722535057638
立派,11.586409419578008
演出,6.455722535057638
ごみ当番,12.911445070115276
ナゴ博サブカル,6.455722535057638
母国,3.227861267528819
３日お昼,12.911445070115276
低層,16.818981415516465
デザイン都市,11.887697386332638
孤独死,4.303815023371758
意識,14.01581784626372
Webサイト,4.303815023371758
別に,12.911445070115276
改変,3.227861267528819
店舗紹介,4.303815023371758
コンセンサス,2.5822890140230554
異質,6.455722535057638
さん,6.455722535057638
何時,6.455722535057638
美意識,3.227861267528819
ただ,6.455722535057638
数年人口,12.911445070115276
自国,6.455722535057638
訂正,12.911445070115276
所謂,6.455722535057638
自身,6.9344901420273715
入口,6.455722535057638
奇跡的,6.455722535057638
住む魅力,12.911445070115276
六本木ヒルズ,2.5822890140230554
一番,19.622144984769207
共有化,4.303815023371758
反対意見,12.911445070115276
経済,15.85026318177685
選択肢,7.925131590888425
医療,3.227861267528819
保存,6.455722535057638
把握,4.303815023371758
申し訳,6.455722535057638
市,53.61595973420433
名駅周辺,9.906414488610531
全て,11.887697386332638
進め方,4.303815023371758
敷居が高い,4.303815023371758
万博,12.911445070115276
おもしろ,28.03163569252744
バー,6.455722535057638
面白い,55.21775006451459
完結,12.911445070115276
刺激,9.057293246729628
キーワード,6.455722535057638
クリエーターズ,6.455722535057638
稽古事,6.455722535057638
達成,6.455722535057638
ベットタウン,8.915773039749478
遊,4.303815023371758
個性的,3.227861267528819
接待施設,6.455722535057638
趣味,3.227861267528819
知的財産,6.455722535057638
変わり種,6.455722535057638
田舎,38.211689042355744
一度,6.455722535057638
減少,6.455722535057638
道,14.950205702681302
災害,15.85026318177685
それだけ,12.911445070115276
毎日名古屋,4.303815023371758
社会実験,6.455722535057638
朝,32.6308537747037
宣言,6.455722535057638
産業的,4.303815023371758
重要視,6.455722535057638
予算,6.455722535057638
都市人類学上,6.455722535057638
アーティスト,12.147042133428558
住む気,6.455722535057638
大型商業施設,20.55653284118679
パークマネジメント,4.303815023371758
友達,9.906414488610531
すみません,17.831546079498956
住宅都市局,6.455722535057638
芸術,21.415849159839716
焦点,4.303815023371758
場所あると,12.911445070115276
重要なのはネットワーク形成,4.303815023371758
仕掛け,23.775394772665276
一致,6.455722535057638
恐縮,4.303815023371758
建築ツアー,12.911445070115276
場面,8.915773039749478
一途,3.227861267528819
以前,11.887697386332638
アニメ,4.303815023371758
国,21.46766695704191
浴衣,4.303815023371758
交通制御システム,3.227861267528819
方講座,4.303815023371758
アイテム,12.911445070115276
街づくり,14.01581784626372
もっと学びたい,2.5822890140230554
適応,6.455722535057638
非接触連結バス,4.303815023371758
こ,12.911445070115276
強制,6.455722535057638
効能,3.227861267528819
1時間以内,6.455722535057638
ナゴヤ,24.98515735314634
寛容性,6.455722535057638
全国,13.081429989846137
いまち,12.911445070115276
はんこ作りたいと,6.455722535057638
百貨店,5.943848693166319
実施,4.303815023371758
田んぼ,6.455722535057638
リード,4.303815023371758
何かヒント,23.775394772665276
うどん大好き,4.303815023371758
意外,6.9344901420273715
のもの,6.455722535057638
混乱,4.303815023371758
地上,6.455722535057638
いたるところ,6.9344901420273715
習慣,12.911445070115276
別,10.652021563160428
通例,6.455722535057638
生きがい,12.911445070115276
多様,5.943848693166319
財政難,6.455722535057638
都市環境,3.227861267528819
街独自,3.227861267528819
二回目,12.911445070115276
コモンセンス,3.227861267528819
それぞれにメッセージ,3.227861267528819
生活方法,4.303815023371758
コミケ,6.455722535057638
アート散歩,12.911445070115276
納税者,6.455722535057638
自慢,7.925131590888425
子供たち,19.093595552380805
知らないの,2.5822890140230554
伝統工芸,3.227861267528819
違い,23.775394772665276
六大学,2.5822890140230554
連投失礼,12.911445070115276
脱線,12.911445070115276
逆,24.985157353146338
景観ガイドライン,6.455722535057638
集積,6.455722535057638
相当,6.455722535057638
可能性,17.831546079498956
さ大人,6.455722535057638
中国語,6.455722535057638
松坂屋,2.151907511685879
玄関口,6.455722535057638
くない,6.455722535057638
くないですか,6.455722535057638
観,4.303815023371758
自転車パーツ,12.911445070115276
産官学,6.455722535057638
ういろう,11.887697386332638
文句,17.831546079498956
外人,6.455722535057638
今,71.95569288856422
他,67.74059428783882
知人,11.887697386332638
かっぱ,12.911445070115276
いない・・・,4.303815023371758
大規模広場,12.911445070115276
懸命,6.455722535057638
ですから名古屋,4.303815023371758
あやしい,6.455722535057638
気をつけ,6.455722535057638
木造住宅,15.85026318177685
2020ナゴ博構想,12.911445070115276
出版,3.227861267528819
栄,11.887697386332638
見て,20.55653284118679
いくら,6.455722535057638
興味,55.39774538809265
前,14.01581784626372
金鯱,6.455722535057638
あいちトリエンナーレ2013,12.911445070115276
音楽,6.455722535057638
様々,14.950205702681302
美術館,10.652021563160428
話題,23.20050325649303
地域,91.49857371986307
発言,22.326373635323588
多分人それぞれ,12.911445070115276
電機産業,4.303815023371758
名産品プレゼント,3.227861267528819
名古屋メシ,6.455722535057638
同心円状,4.303815023371758
都市計画,6.3401052727107405
めにも,4.303815023371758
現代,24.985157353146338
追加,12.911445070115276
タウンミーティング参加,12.911445070115276
もう少し積極的,2.5822890140230554
全くない,4.303815023371758
しゃる,6.455722535057638
CODEforJAPAN,6.455722535057638
部分のもの,6.455722535057638
中部圏木曽,4.303815023371758
兄弟,6.455722535057638
いただきたいと,3.227861267528819
日本語,9.906414488610531
ホント作る,6.455722535057638
自動車,9.906414488610531
こちら,18.687757128351628
地域組織,6.455722535057638
街そのもの,4.303815023371758
精神的,6.455722535057638
中日新聞,7.925131590888425
名駅３丁目あたり,6.455722535057638
movemnt,4.303815023371758
国内,9.906414488610531
個人情報,4.303815023371758
風情,6.455722535057638
体験,2.5822890140230554
カップル,6.455722535057638
油画村,6.455722535057638
名鉄,2.151907511685879
以外,11.212654277010977
開催,22.326373635323588
ネット,28.243422335654245
交友機能,6.455722535057638
発想,15.85026318177685
板,4.303815023371758
科学館,16.818981415516465
交流サロン,6.455722535057638
名駅近く,6.455722535057638
1989年,6.455722535057638
証,3.227861267528819
国境,6.455722535057638
全天候型,12.911445070115276
本場,12.911445070115276
面白いイベント,3.227861267528819
正直水族館,6.455722535057638
比例,6.455722535057638
アンテナショップ,4.303815023371758
志縁,2.5822890140230554
通りすがり,6.455722535057638
文化的,9.906414488610531
焼き物,2.5822890140230554
もったいないですよ,12.911445070115276
しょうが昨今,6.455722535057638
駄菓子問屋,9.906414488610531
ハード化,12.911445070115276
環境配慮型,4.303815023371758
広場,28.03163569252744
広報,32.26652512555202
かしら,13.081429989846137
直島ですか,12.911445070115276
ブシドー,6.455722535057638
知らない人,2.151907511685879
開発トレンド,4.303815023371758
企業人事,12.911445070115276
市場,12.911445070115276
ファミリー,6.455722535057638
個人レッスン,6.455722535057638
５０分,4.303815023371758
企業等,12.911445070115276
ネオ芸どころイベント,4.303815023371758
しょうが,17.846540966533098
始動準備中,12.911445070115276
平日,6.455722535057638
今池,6.455722535057638
雇用,6.455722535057638
人的ネットワーク,6.455722535057638
大江戸まつり盆おどり大会,12.911445070115276
ドラゴンズ,2.151907511685879
好印象,4.303815023371758
視野,10.278266420593395
レベルアップ,6.455722535057638
外国,34.348267131267065
将来ビジョン,3.227861267528819
梅崎研究室,3.227861267528819
個性,18.89154692219688
来る前,4.303815023371758
駄菓子,17.831546079498956
ブランド,6.455722535057638
集中,12.911445070115276
合格点,4.303815023371758
トヨタウンみたい,6.455722535057638
彼女,6.455722535057638
名古屋観光ガイド,4.303815023371758
コレクション,2.5822890140230554
意識改革,11.887697386332638
判断基準,23.775394772665276
情報サイトetc,6.455722535057638
金,12.911445070115276
勿体,12.911445070115276
感覚,6.455722535057638
革新,23.775394772665276
楽市楽座,6.455722535057638
景観,6.455722535057638
お風呂,9.906414488610531
お祭りごと,12.911445070115276
量,9.906414488610531
かも～,6.455722535057638
白川公園,6.455722535057638
実際,28.03163569252744
テーマ,20.09373627179123
別格,6.455722535057638
原因,6.455722535057638
都市規模,12.911445070115276
コミュニティ運営,3.227861267528819
地場,12.911445070115276
出張者,6.455722535057638
面白,23.775394772665276
大学,6.455722535057638
一考,6.455722535057638
もっとアート,4.303815023371758
県外,6.455722535057638
旧INAX,4.303815023371758
街ですよ,12.911445070115276
活躍,19.98812588251707
京都,14.950205702681302
umesisoさん,17.831546079498956
能,3.227861267528819
アドバンテージ,3.227861267528819
踊り,9.906414488610531
人達,6.455722535057638
いいんじゃない,6.455722535057638
見る,6.455722535057638
タダ,6.455722535057638
中心,17.831546079498956
陶磁器,17.831546079498956
熊本,6.455722535057638
具合,2.151907511685879
そして今は社名,4.303815023371758
ですよ,64.6865483293955
バンクーバー,2.151907511685879
アート馬車,6.455722535057638
マップ,4.303815023371758
おみこし,18.687757128351628
無個性化,6.455722535057638
コンセプト,32.6308537747037
芸能,8.915773039749478
マッチ,9.683583802586456
青空の下で参加,12.911445070115276
中村区,16.06188686987979
まんが,4.303815023371758
集まるもの,6.455722535057638
CODEforTOKAI,12.911445070115276
割合,13.081429989846137
欧米旅行,3.227861267528819
夏休み,4.303815023371758
地方,5.943848693166319
奇抜,4.303815023371758
もっと目,2.151907511685879
車,4.303815023371758
東京駅,6.455722535057638
町内会費,12.911445070115276
公共交通,4.303815023371758
ことなら昔,12.911445070115276
サークル,2.151907511685879
早期,6.455722535057638
未来像,6.9344901420273715
是非,6.455722535057638
真ん中,17.831546079498956
ごみ,6.455722535057638
ノリタケ,14.950205702681302
名駅近傍,6.455722535057638
キャスト,4.303815023371758
軸,3.227861267528819
情報発信力,16.818981415516465
近隣,6.455722535057638
ネットワークそのもの,4.303815023371758
本来,26.76981144979965
コスプレイヤー,6.455722535057638
大,4.303815023371758
ものづくり工房,6.455722535057638
価格競争,17.831546079498956
HP,11.887697386332638
スケール,4.303815023371758
外国籍,6.455722535057638
ターゲット,4.303815023371758
防災,6.455722535057638
一週間ぶり,12.911445070115276
いないの,23.775394772665276
ボランティア,6.455722535057638
高いイメージ,12.911445070115276
まとめ役,12.911445070115276
地域ぐるみ,6.455722535057638
スケート,6.455722535057638
かかること,6.455722535057638
変,4.303815023371758
夏,23.775394772665276
・・・食器,2.151907511685879
Facebook,12.911445070115276
サイト上,6.455722535057638
夜,15.85026318177685
今日,9.906414488610531
大学連携,6.455722535057638
東京圏,3.227861267528819
守備範囲,4.303815023371758
排気ガス,6.455722535057638
意思疎通,12.911445070115276
傍ら,2.151907511685879
クリエイター,4.303815023371758
少なかった,6.455722535057638
ホームページ,6.455722535057638
住まい,4.303815023371758
全国的,14.950205702681302
メディア,6.455722535057638
ちょっと悲しい,12.911445070115276
人気,6.455722535057638
工場見学,6.455722535057638
登録,16.01807753858711
事実,6.455722535057638
チャンス,26.16285997969228
もっと必要,17.831546079498956
検索,5.943848693166319
創造都市ネットワーク,4.303815023371758
鵜飼,3.227861267528819
長,17.831546079498956
見ること,11.887697386332638
いいんじゃないですか,6.455722535057638
専門家,4.303815023371758
努力,4.303815023371758
何度も訂正すみません,12.911445070115276
名古屋市会議員,6.455722535057638
以後個人,3.227861267528819
閉店前,4.303815023371758
資金,6.455722535057638
比較,26.582044551203996
危惧,4.303815023371758
学問上,6.455722535057638
コラボ,4.303815023371758
もったいない,17.831546079498956
日本の,3.227861267528819
お気,6.455722535057638
荒廃,6.455722535057638
大賛成,23.775394772665276
満足,6.455722535057638
タイ,6.455722535057638
ベネッセ,6.455722535057638
予定,6.455722535057638
圧倒,12.911445070115276
街Tokyo,6.455722535057638
名古屋出身,12.911445070115276
都市間競争,3.227861267528819
身の丈,6.455722535057638
人材,11.887697386332638
おはようございます,12.911445070115276
登録制,4.303815023371758
某国,3.227861267528819
統一,11.887697386332638
調子,12.911445070115276
いまいちな,6.455722535057638
このごろ,6.455722535057638
いない,12.911445070115276
次第,6.455722535057638
妄想,23.775394772665276
コンベンションビューロー等,4.303815023371758
行く機会,6.455722535057638
企業さん,6.455722535057638
アート,25.81322010044162
特設フロア,3.227861267528819
ながら語学,6.455722535057638
たまたま昨日栄,6.455722535057638
もしかして,12.911445070115276
何か魅力,12.911445070115276
いるか,14.950205702681302
聞こえ,4.303815023371758
手一杯,6.455722535057638
同様,6.455722535057638
歴史,23.185080313605265
プロセスそのもの,4.303815023371758
coco壱番屋,6.455722535057638
世界,43.99510055229623
同意見,12.911445070115276
今後住人,6.455722535057638
皆さん,31.381825879021267
JustFitNagoya,12.911445070115276
毎回名古屋市,12.911445070115276
要素,23.775394772665276
イメージ,19.75025360047856
宗次ホール,4.303815023371758
普通に観光地ですよ,4.303815023371758
子供達,3.227861267528819
考え,16.954213918206445
１００円ショップ,4.303815023371758
人家,6.455722535057638
役員,44.857200180156745
inochiさん・・・,12.911445070115276
ゴザ,9.906414488610531
意見交換,18.687757128351628
策定,4.303815023371758
地下空間,3.227861267528819
トヨタ自動車,6.455722535057638
魅力的ですよ,6.455722535057638
国内外,4.303815023371758
ガイシ屋さん,6.455722535057638
カネ,4.303815023371758
外,11.887697386332638
断定的,6.455722535057638
アジェンダ,11.887697386332638
密集地帯,4.303815023371758
頂きます,6.455722535057638
1970年,4.303815023371758
お手伝い,12.911445070115276
手法,9.906414488610531
空き巣,4.303815023371758
クラス,6.9344901420273715
条件,6.455722535057638
分業,6.9344901420273715
不便,6.455722535057638
アウシュタットみたい,6.455722535057638
コース設定,6.455722535057638
調べFacebook,6.455722535057638
地元意識,6.455722535057638
語学学校,6.455722535057638
話,28.243422335654248
言語,11.887697386332638
存在,33.68065872112779
まち,49.05369107719187
オシャレ,11.887697386332638
商業施設,6.455722535057638
日用品,2.151907511685879
活,3.227861267528819
場所,53.63442192746371
直接的,4.303815023371758
職人さんたち,6.455722535057638
開業,3.227861267528819
形成,3.227861267528819
メルボルン,2.151907511685879
散開,6.455722535057638
災害時,6.455722535057638
所詮どこ,4.303815023371758
戦国武将,6.455722535057638
声,4.303815023371758
近く,12.911445070115276
通勤圏,15.85026318177685
めにも食べるもの,12.911445070115276
課題,39.873066826805996
活性化,37.38100015013062
仕組み,24.98515735314634
壁,6.455722535057638
2020年名古屋,6.455722535057638
日本,86.12639012856569
愛知芸術文化センター,14.265236863599165
ひとつだけ,6.455722535057638
ウェブ上,6.455722535057638
まちづくり協議会等,6.455722535057638
市内,6.455722535057638
地場産業,9.683583802586456
シャチホコ型,6.455722535057638
商業,9.906414488610531
物産展,5.943848693166319
先生,8.915773039749478
比較的,4.303815023371758
建物,6.455722535057638
復活,33.227555689005
安心感,6.455722535057638
企画,20.952442950072907
入試,4.303815023371758
トリエンナーレ,12.911445070115276
自立,11.887697386332638
楽しい街,12.911445070115276
時差,6.455722535057638
ヨーロッパ人,4.303815023371758
東京,115.26566861916174
アイディア,19.622144984769207
おさら,12.911445070115276
都市魅力,19.622144984769207
断言,12.911445070115276
結局差引き,6.455722535057638
遠慮,6.455722535057638
ネオ芸どころ名古屋,14.950205702681302
独自,6.455722535057638
開発,26.61988322858042
中国人,6.455722535057638
背景,9.906414488610531
同意,4.303815023371758
油絵職人,6.455722535057638
あると,77.43470112628884
会場,6.455722535057638
技術,19.225591859401565
プラネタリウム,12.911445070115276
コミュニケーション,6.455722535057638
期間滞在,2.151907511685879
若い方,6.455722535057638
手羽先,6.455722535057638
覚え,6.455722535057638
個々,4.303815023371758
地区,41.21792055752047
首都圏,7.925131590888425
タウンミーティング,29.196027061577
たくさん来る面白い街,6.455722535057638
KOF,12.911445070115276
観光名所,6.455722535057638
真剣,4.303815023371758
勉強,7.925131590888425
策,6.455722535057638
笑名古屋,4.303815023371758
作る場,4.303815023371758
輪,12.911445070115276
地域ごと,11.887697386332638
ナンバーワン,6.455722535057638
当地,8.915773039749478
住む人,6.455722535057638
委託,12.911445070115276
提供,17.846540966533098
母国語,15.85026318177685
方々,13.455185132413172
地域目線,6.455722535057638
はるか,2.151907511685879
女性,6.455722535057638
気質,6.455722535057638
名駅地区,23.359696410439533
成功,9.906414488610531
阪神圏,7.925131590888425
愛知県教育委員会義務教育課,2.5822890140230554
クリエーター,6.455722535057638
どんどん荒廃,6.455722535057638
セールス,4.303815023371758
パルコ,6.455722535057638
名古屋,289.79939480200386
もっと楽しい感じ,6.455722535057638
山,6.455722535057638
本来都市,12.911445070115276
有用,4.303815023371758
大都市,16.818981415516465
外国人,59.07133593106961
むしろ血縁,6.455722535057638
地特有,4.303815023371758
効果,4.303815023371758
積極的,22.425308554021953
ラジオ体操,28.03163569252744
がち,4.303815023371758
大阪,24.985157353146338
素敵だな,9.906414488610531
価格,6.455722535057638
深セン,6.455722535057638
Naoさん,33.63796283103293
説明,4.303815023371758
5月,6.455722535057638
宗次徳二さん,4.303815023371758
官民一体,9.906414488610531
利点,6.455722535057638
人興味,6.455722535057638
知る機会,6.455722535057638
実現,23.327978549111126
集まる,35.49317763810723
持つ,12.147042133428558
利用,17.753369271934044
活きるの,4.303815023371758
しなやか,6.455722535057638
あると安心,4.303815023371758
世界中,2.151907511685879
鬼ごっこ,6.455722535057638
うどん,4.303815023371758
非常,14.950205702681302
学校,4.953207244305266
名古屋駅徒歩3分,12.911445070115276
同僚,11.887697386332638
東北新幹線,3.227861267528819
大卒者,6.455722535057638
共同,6.455722535057638
きしめん,4.303815023371758
ソフトウェア,3.227861267528819
サブカル,10.278266420593395
企業,34.68651450996843
もっと大勢,12.911445070115276
繊細,3.227861267528819
ナイスアイデア,12.911445070115276
子供,40.852593369989364
公園,34.888933473455246
研究会,2.5822890140230554
夕方ディスカッション,6.455722535057638
関わり,12.911445070115276
気づき,4.303815023371758
大事ですよ,23.775394772665276
駄菓子問屋街,12.911445070115276
ゲテモノ,6.455722535057638
終局的,14.950205702681302
土日担当ファシリテーター,12.911445070115276
畑運動,12.911445070115276
リニア開業,12.911445070115276
現状,24.985157353146338
おしゃれ,6.455722535057638
防犯,4.303815023371758
認識,12.911445070115276
幸せ,6.455722535057638
集まるの,33.63796283103293
保守的,11.887697386332638
砥石屋さん,12.911445070115276
アートツアー素敵,12.911445070115276
ちょっとかっこ,12.911445070115276
毎日,12.911445070115276
茶道,3.227861267528819
名古屋一極集中,4.303815023371758
販路開拓,6.455722535057638
もっと寛容性,6.455722535057638
コーディネート,4.303815023371758
言葉,33.48956045298539
語学交流活動,6.455722535057638
習得,6.455722535057638
役目,11.887697386332638
名古屋市民,17.831546079498956
リアル,17.831546079498956
2008年,6.455722535057638
モータリゼーション,9.906414488610531
試み,4.303815023371758
どうでしょう,51.0657417124867
今回,39.500507200957124
故人,12.911445070115276
方,12.147042133428558
であるの,6.455722535057638
賛成意見,12.911445070115276
ヨーロッパ,4.303815023371758
アートツアー,12.911445070115276
最後,11.887697386332638
むしろ支店,4.303815023371758
ど,6.455722535057638
パンの耳,4.303815023371758
新幹線,4.303815023371758
集合,12.911445070115276
r,4.303815023371758
あやか,4.303815023371758
端的,4.303815023371758
地域づくり,6.455722535057638
研究開発,3.227861267528819
それぞれ,12.147042133428558
製造業,6.455722535057638
限定,8.915773039749478
本格的,6.455722535057638
住む場所,6.455722535057638
大学生,6.455722535057638
仙台,18.738868014859754
タイ語,6.455722535057638
充実,12.492578676573169
名古屋港水族館,6.455722535057638
・・・登録人数,6.455722535057638
近未来的しゃちほこ型バス,12.911445070115276
補強,4.303815023371758
果たして,6.455722535057638
いっぱい,12.911445070115276
宿泊型国内留学,23.775394772665276
現在発展,6.455722535057638
都心,11.212654277010977
フェイスブック,6.455722535057638
笑,32.6308537747037
いない気,12.911445070115276
田園風景,6.455722535057638
沢山,11.887697386332638
水陸両用バス,4.303815023371758
バックパッカー,6.455722535057638
日常,29.664412522457916
定例記者会見,12.911445070115276
配布,4.303815023371758
投稿,14.950205702681302
絶対無理,6.455722535057638
確認,12.911445070115276
久屋大通公園,16.818981415516465
カタチ,6.455722535057638
留学生招致,6.455722535057638
今年開催,12.911445070115276
Web,12.911445070115276
新聞,2.151907511685879
側面,6.455722535057638
精密,3.227861267528819
源,6.455722535057638
今一度,12.911445070115276
名古屋文化,17.831546079498956
芸どころ名古屋地区,6.455722535057638
島,6.455722535057638
テクノロジー,3.227861267528819
提案,8.321388170432845
つながり,20.55653284118679
船,6.455722535057638
西区,20.608960278760232
参加,131.29209227300427
岐阜,6.455722535057638
生活,25.75135565897887
先日仙台,4.303815023371758
ＰＲ,16.818981415516465
アクセス,6.455722535057638
次期計画案,4.303815023371758
産業分野,3.227861267528819
中部内,4.303815023371758
営業妨害,4.303815023371758
ブランド化,12.911445070115276
再開発,17.846540966533098
有名ですよ,16.818981415516465
明道町,6.455722535057638
音楽イベント,12.911445070115276
実態,6.455722535057638
Nayabashi5さん,3.227861267528819
メーグル,17.831546079498956
ちょっと,28.03163569252744
名古屋城の,4.303815023371758
あたり,38.64180052267544
ネオ芸どころ,23.20050325649303
分類,4.303815023371758
場所なのだそう,4.303815023371758
承認,3.227861267528819
調整,2.5822890140230554
ですから,9.906414488610531
人口,6.455722535057638
一方,11.887697386332638
一番ホメ,6.455722535057638
一石二鳥,6.455722535057638
目的,11.887697386332638
先,4.303815023371758
さりげなく金鯱,12.911445070115276
飲食店,11.887697386332638
最近,6.455722535057638
nanasiさん,12.911445070115276
郡上,4.303815023371758
思考,14.01581784626372
特色,6.455722535057638
ゆとりーと,6.455722535057638
中心地,4.303815023371758
長所短所,12.911445070115276
昨日テレビ,6.455722535057638
大規模,12.147042133428558
多く,21.41584915983972
受け,20.55653284118679
節約,12.911445070115276
フル活用,6.455722535057638
有名作品,3.227861267528819
名古屋ならでは,12.911445070115276
上京,6.455722535057638
基本,12.911445070115276
簡単,3.227861267528819
もっと,30.237075676994547
行く,9.906414488610531
弟,3.227861267528819
正確,6.455722535057638
活力,28.233209484858023
露店,4.303815023371758
オープン,12.911445070115276
義太夫,3.227861267528819
通常,6.455722535057638
おもいっきり,12.911445070115276
コスプレサミット,12.911445070115276
拠点,2.151907511685879
影響,4.303815023371758
外食産業,6.455722535057638
誇り,6.455722535057638
鶴舞公園,11.887697386332638
ジャッジ,4.303815023371758
名駅南地区,12.911445070115276
複合研究所,6.455722535057638
地域まちづくり,6.455722535057638
佐久島,6.455722535057638
辺り,12.911445070115276
双肩,6.455722535057638
誘引,4.303815023371758
シカゴ,7.925131590888425
名古屋以外,7.475102851340651
最終的,3.227861267528819
合間,4.303815023371758
Nagoya,6.455722535057638
典型的,4.303815023371758
モノづくり博,6.455722535057638
マラソン,6.455722535057638
ドイツ,17.831546079498956
ショーグン,6.455722535057638
集会場,6.455722535057638
反対,46.37016062721053
もっと具体的,6.455722535057638
ノウハウ例え,3.227861267528819
環境づくり,6.455722535057638
全天候型ですよ,12.911445070115276
もっと名古屋,16.818981415516465
盆栽,3.227861267528819
従来通り地下鉄,6.455722535057638
言葉にできない複雑,6.455722535057638
質問,23.775394772665276
大先輩方,6.455722535057638
問題,10.278266420593393
都会生活,6.455722535057638
留学生だって,6.455722535057638
基本的,15.85026318177685
水族館,12.911445070115276
コンサート公演,4.303815023371758
ゲスト,4.556980612981862
河村市長,6.455722535057638
調和,3.227861267528819
近接,4.303815023371758
楽縁,2.5822890140230554
つから,6.455722535057638
テーマ型コミュニティ,2.5822890140230554
さであるコンパクト,6.455722535057638
一定,4.303815023371758
知名度,22.425308554021953
系列,4.303815023371758
その後,6.9344901420273715
賛成,46.37016062721053
商人文化,6.455722535057638
ネットワーク都市,3.227861267528819
中途半端,6.455722535057638
移動,6.455722535057638
時間,20.55653284118679
あったらいいな,6.455722535057638
一宮,6.455722535057638
名前,12.911445070115276
費用,12.911445070115276
居住,13.081429989846137
規模,9.906414488610531
就業型国内留学,12.911445070115276
おさらば名古屋人,12.911445070115276
分担制,12.911445070115276
何千人,6.455722535057638
最大,6.455722535057638
感動,4.303815023371758
料理,6.455722535057638
奨励,6.455722535057638
こだわり,23.775394772665276
お願い,6.455722535057638
対応,12.911445070115276
農業大国,12.911445070115276
正直無茶,6.455722535057638
提示,3.227861267528819
敷居,12.911445070115276
２,3.227861267528819
ちょっと足,12.911445070115276
あんかけスパ,6.455722535057638
インフラ,4.303815023371758
ですから中部地方全体,12.911445070115276
神戸,7.925131590888425
公認,6.455722535057638
連携,7.925131590888425
朴葉味噌,6.455722535057638
メールアドレす,3.227861267528819
パン工場,12.911445070115276
商店街,6.455722535057638
アドレス,14.859621732915798
一日,6.455722535057638
ギリギリ,6.455722535057638
尊重,3.227861267528819
尾張藩主,6.455722535057638
大盆踊り大会,12.911445070115276
将来,14.950205702681302
未来,44.857200180156745
施策,18.032840243915203
位置,9.906414488610531
一部の人,6.455722535057638
難しい,19.75025360047856
可能,11.212654277010977
電車バス,2.151907511685879
総合文化施設ですよ,12.911445070115276
パッケージング,2.5822890140230554
町内,37.78309384439376
環境つくり,4.303815023371758
ひとこと書き込み,6.455722535057638
ですかー,17.831546079498956
入場料無料,4.303815023371758
西日暮里,9.906414488610531
魅力・・・なに,4.303815023371758
ネット上,4.303815023371758
状態,11.887697386332638
国独自,3.227861267528819
3回,6.455722535057638
ドンドン,6.455722535057638
地域力,12.911445070115276
語学,33.227555689004994
今年,14.950205702681302
観光ガイドブック,6.455722535057638
居酒屋さん,6.455722535057638
豊か,30.735489012329623
途中,11.887697386332638
２回,6.455722535057638
東京モーターショー,4.303815023371758
敷地,6.455722535057638
魅力発信,4.303815023371758
名古屋駅周辺,6.455722535057638
NG,12.911445070115276
産業観光,8.915773039749478
お値打ち,6.455722535057638
外部勢力,23.775394772665276
職域,4.303815023371758
フィギュア,3.227861267528819
物質的,17.081689210824536
マーク,12.911445070115276
友人,13.081429989846137
期待,13.081429989846137
たくさん商業施設,6.455722535057638
活動,22.326373635323588
なかった｣だって,6.455722535057638
舞踊好き,6.455722535057638
持つ心,3.227861267528819
フジパン,6.455722535057638
シエスタ,6.455722535057638
観光客向け,4.303815023371758
ＣＳＲ,6.455722535057638
きると,34.56757900537561
ころも青おいですから,6.455722535057638
ダンサー,4.303815023371758
苦手,6.455722535057638
大盛況,6.455722535057638
県内就職率,9.906414488610531
場,67.70460843105465
スペース,11.887697386332638
巨大,9.906414488610531
らい気,6.455722535057638
飲食業,6.455722535057638
nakafaciさん,12.911445070115276
ネット発信,12.911445070115276
市民税減税,17.831546079498956
オアシス２１,11.887697386332638
宗教的,6.455722535057638
魅力形成,6.455722535057638
本当,59.819229236557476
当時,8.915773039749478
アップ,12.911445070115276
言え,17.831546079498956
感謝,2.5822890140230554
重要,29.84653574113562
逆ストロー,2.5822890140230554
スマートモビリティ,3.227861267528819
友達の友達,12.911445070115276
関係,32.12377373975958
興味しんしん,4.303815023371758
強烈,7.925131590888425
斬新,2.5822890140230554
本社,9.906414488610531
ヒトゴトながら心配,12.911445070115276
愛着,11.887697386332638
国自慢のもの,6.455722535057638
中国,6.455722535057638
アジェンダセッティング,4.303815023371758
欠点,6.455722535057638
理由,20.11791890772822
実践,3.227861267528819
結びつき,14.01581784626372
英語・・・,6.455722535057638
名古屋市公園事業経営展開プラン,4.303815023371758
町内会ぐるみ,6.455722535057638
値引き,4.303815023371758
経営,4.303815023371758
買い物,4.303815023371758
名古屋市公認,12.911445070115276
切り口,14.950205702681302
複数ジャンル,4.303815023371758
代表,6.455722535057638
特定,6.3401052727107405
留学生からし,6.455722535057638
現実,4.303815023371758
個人同士承認,12.911445070115276
困難,3.227861267528819
心配,3.227861267528819
なると魅力,12.911445070115276
物質的魅力,12.911445070115276
あそこ,6.455722535057638
とこ,4.303815023371758
名店,9.906414488610531
名古屋圏域,12.911445070115276
物理的,4.303815023371758
共存共栄,6.455722535057638
住む私,6.455722535057638
喜ぶ,4.303815023371758
ご自分,6.455722535057638
方向性,12.911445070115276
世界一有名,4.303815023371758
正直,14.950205702681302
方向付け,12.911445070115276
リアル工場見学,4.303815023371758
重層的,2.5822890140230554
世界最先端,3.227861267528819
懸念,2.5822890140230554
地方自治体,6.455722535057638
バーチャル工場見学横丁,4.303815023371758
可視化,4.303815023371758
必要不可欠,6.455722535057638
人通り,11.887697386332638
次世代モビリティ,4.303815023371758
地域委員会,6.455722535057638
全然,12.911445070115276
経験則,6.455722535057638
難しい問題,12.911445070115276
業種,6.455722535057638
行動,12.911445070115276
色々,11.586409419578008
ミクロ,6.455722535057638
理想,12.911445070115276
快適,3.227861267528819
好き,17.846540966533098
道路,17.440937762748256
ズラ～,4.303815023371758
縁,4.556980612981862
必要ですよ,12.911445070115276
２０２０年,6.455722535057638
人間,6.455722535057638
不安,6.455722535057638
尾張名古屋共和国大使館構想みたい,12.911445070115276
ことば,3.227861267528819
勝負,4.303815023371758
大人たちだって,12.911445070115276
東京オリンピック,6.455722535057638
日本の大学生活,12.911445070115276
movement,30.339119643106272
集まる街,6.455722535057638
高級品,2.151907511685879
国際会議場,6.455722535057638
なるといいな,6.455722535057638
そう～,6.455722535057638
個人的,20.55653284118679
関東,12.911445070115276
ディスカッション,4.303815023371758
来る友人,12.911445070115276
個別,20.55653284118679
似たりよったり,12.911445070115276
日本全国,6.455722535057638
スーパー,9.906414488610531
現場,4.303815023371758
ホント,12.911445070115276
免除,6.455722535057638
高齢者,9.906414488610531
閉鎖的,6.455722535057638
必要性,4.303815023371758
現実問題,6.455722535057638
時代,17.831546079498956
ベッドタウン,4.303815023371758
外部,6.455722535057638
20137,4.303815023371758
マイタウン,6.455722535057638
開発誘導,4.303815023371758
知り合い,12.911445070115276
耐火,6.455722535057638
毎年,4.303815023371758
リニア・鉄道館,4.303815023371758
働く場所,4.303815023371758
一緒に勉強,6.455722535057638
名古屋盆踊り,2.5822890140230554
お上,6.455722535057638
街並み,3.227861267528819
新道,6.455722535057638
ハーモニーさん,17.831546079498956
TRYandERROR,12.911445070115276
お土産,12.911445070115276
豊かさ,24.543080906651415
人々,17.846540966533098
2週間,6.455722535057638
nakafaciさん返信,12.911445070115276
オリンピック,6.455722535057638
校舎,2.5822890140230554
日頃アート好き,3.227861267528819
参加者,2.5822890140230554
関係者,2.5822890140230554
学生生活,4.303815023371758
建設的,6.455722535057638
ださい,49.841333533507495
もっと身の丈,6.455722535057638
報酬,4.303815023371758
フランス,6.455722535057638
地縁,6.455722535057638
交換,14.859621732915798
駅構内,4.303815023371758
芝生,6.455722535057638
改善,14.950205702681302
新た,10.278266420593393
産業技術記念館,6.455722535057638
正月,6.455722535057638
世界一,6.455722535057638
何か名古屋,6.455722535057638
ついで,12.911445070115276
批判,6.455722535057638
頑固,12.911445070115276
某マンガ,3.227861267528819
花,6.455722535057638
横丁,6.455722535057638
芽,3.227861267528819
自治体レベル,6.455722535057638
世話好きな人,6.455722535057638
芸,6.455722535057638
港,6.455722535057638
陶芸,3.227861267528819
大変貴重,11.887697386332638
排除,6.455722535057638
和食ブーム,4.303815023371758
検証,7.042606401881059
閉鎖,4.303815023371758
都心魅力,4.303815023371758
到達,8.321388170432845
ゆっくり,4.303815023371758
分野,6.455722535057638
発生,15.85026318177685
反応,22.425308554021953
博覧会,26.162859979692275
身の回り,4.303815023371758
オタク文化,4.303815023371758
シンガポール,6.455722535057638
大丈夫,6.455722535057638
結構,12.911445070115276
志,2.5822890140230554
高級,2.151907511685879
雰囲気,38.71983015066243
心,51.43026760167753
検討,4.303815023371758
おすそ分け,6.455722535057638
人たち,39.873066826805996
なかった,12.911445070115276
議論,35.71962236568037
レッスン,12.911445070115276
問屋街,6.455722535057638
手軽,6.455722535057638
数,8.915773039749478
支店経済都市,6.455722535057638
異国,12.911445070115276
現状維持,4.303815023371758
地下街,28.459992765906996
取り組み,76.42523220980009
週末,6.455722535057638
読みながら,6.455722535057638
周辺地区,4.303815023371758
お店,6.455722535057638
有数,12.911445070115276
理解,14.950205702681302
絆,9.906414488610531
URL,6.455722535057638
センターポジション,12.911445070115276
喫茶店文化,12.911445070115276
魅力向上,4.303815023371758
語学交換,6.455722535057638
知らない,9.906414488610531
栄ミナミ音楽祭,6.455722535057638
あふれるまち,12.147042133428558
北海道,6.455722535057638
時点,4.303815023371758
名産品,11.887697386332638
プログラム,5.943848693166319
スレッド,6.455722535057638
相談,4.303815023371758
ご夫婦,6.455722535057638
市場開拓,4.303815023371758
共感,9.906414488610531
目標,4.303815023371758
・・・名古屋市,11.887697386332638
コンパクト,16.818981415516465
土日,6.455722535057638
アウトレット,7.925131590888425
数年名古屋,12.911445070115276
舞踊コンクール,4.303815023371758
会費,6.455722535057638
リアル店舗,4.303815023371758
デザイン,20.11791890772822
お値打ち文化,12.911445070115276
交流,12.147042133428558
コミニティー,6.455722535057638
悪気,12.911445070115276
確保,15.85026318177685
図書館,6.455722535057638
名称,6.455722535057638
素敵だなぁ～,6.455722535057638
世代,23.775394772665276
留学バイト,6.455722535057638
おすすめ,6.455722535057638
いか,11.887697386332638
盛ん,6.455722535057638
ウキウキ,4.303815023371758
開発コンセプト,12.911445070115276
ハイカラ,23.775394772665276
盛り,17.831546079498956
人口密度,6.455722535057638
ご近所付き合い,12.911445070115276
観光,29.84653574113563
一つ,24.985157353146338
景観づくり－景観ガイドライン,6.455722535057638
いま,9.906414488610531
風景,11.212654277010977
就職,6.455722535057638
インターネット企画,6.455722535057638
ないものねだり,8.915773039749478
韓国,6.455722535057638
車線,6.455722535057638
防犯防災,4.303815023371758
娯楽,4.303815023371758
西区あたり,6.455722535057638
元気,4.303815023371758
寸断,6.455722535057638
すべてがちょう,6.455722535057638
立ち上げ,6.455722535057638
栄エリア,6.455722535057638
すいか,15.85026318177685
ハイクラス,4.303815023371758
華道,3.227861267528819
バイト,16.818981415516465
後,11.887697386332638
事例,4.303815023371758
定着,2.5822890140230554
手作業,3.227861267528819
国際的,8.915773039749478
ずっと,6.455722535057638
町家,16.818981415516465
もっともっとアピール,4.303815023371758
有名人,12.911445070115276
秋に帰郷,4.303815023371758
インテリジェント,12.911445070115276
見回り,6.455722535057638
人脈,4.303815023371758
大名古屋圏,4.303815023371758
面白いアート,4.303815023371758
あると実感,6.455722535057638
たくさんアート,6.455722535057638
名駅,12.147042133428558
空間,12.911445070115276
惣菜,4.303815023371758
森村グループ,4.303815023371758
油絵屋さん,6.455722535057638
ネオ芸名古屋,4.303815023371758
名古屋ー大阪間,4.303815023371758
富裕層,2.5822890140230554
観光都市,6.455722535057638
徳川宗春さん,6.455722535057638
ネットミーティング,12.911445070115276
グループ,4.303815023371758
赤福,11.887697386332638
愛知県教育委員会,4.303815023371758
市長,4.303815023371758
付き,12.911445070115276
ネットタウンミーティング,26.76981144979965
仕事,24.902493670168617
ダンススクール,3.227861267528819
インパクト,3.227861267528819
官民,4.303815023371758
街つくり,12.911445070115276
ニュース,12.911445070115276
料金,6.455722535057638
市民全員,4.303815023371758
トヨタ博物館,4.303815023371758
暴論,14.859621732915798
結構地域,6.455722535057638
生きていない,6.455722535057638
比較対象,3.227861267528819
情報交換,6.455722535057638
有効,11.887697386332638
英語,22.425308554021953
事実愛知県,12.911445070115276
ビジネス,5.943848693166319
考え方,6.455722535057638
駅西,2.5822890140230554
ガイド,11.887697386332638
自発的,6.455722535057638
お互い,4.303815023371758
オアシス,2.5822890140230554
小売,12.911445070115276
ネオ芸,10.446764369807468
集結,6.455722535057638
リニア開業後衰退,23.775394772665276
お友達,6.455722535057638
メールアドレス,3.227861267528819
特徴,17.831546079498956
市街地,6.455722535057638
知らないこと,28.03163569252744
ダントツ,3.227861267528819
研究,12.656708236929056
衛星都市,4.303815023371758
離れ故郷,6.455722535057638
一律いくら,4.303815023371758
発達,4.303815023371758
地震,6.455722535057638
愛知トリエンナーレ,4.303815023371758
流入,12.911445070115276
以上,12.911445070115276
１番心,4.303815023371758
面,4.303815023371758
モダン,3.227861267528819
年長者さん,12.911445070115276
交通インフラ,4.303815023371758
ダイバーシティ実現,12.911445070115276
１つ,17.831546079498956
訪日,6.455722535057638
安全,6.455722535057638
文脈,6.455722535057638
人気ですよ,12.911445070115276
すべて一通り,2.151907511685879
そうですよ,12.911445070115276
木登り,6.455722535057638
ある意味ボランティアですよ,12.911445070115276
文化的建築物,6.455722535057638
指標,4.303815023371758
もっと若い人,11.887697386332638
ラジオ,4.303815023371758
国際化計画,6.455722535057638
管理教育型ハメ教育,4.303815023371758
メッカ,6.455722535057638
中心部,4.303815023371758
観光ボランティア,12.911445070115276
温水便座,6.455722535057638
尾張,4.303815023371758
学校以外,2.5822890140230554
大須,12.147042133428558
名古屋紹介ブログ,12.911445070115276
開放性,22.425308554021953
入国時,6.455722535057638
大事,17.831546079498956
生まれる街,6.455722535057638
画家,6.455722535057638
とさん,12.911445070115276
必勝ジャンケン,3.227861267528819
地縁以外,2.5822890140230554
セントレア,3.227861267528819
アピール,36.55031125790549
双方,4.303815023371758
どんどん名古屋,12.911445070115276
大人,25.761200348450295
書き,12.911445070115276
ビルだらけ,3.227861267528819
中部全体,2.5822890140230554
しゃる通り,6.455722535057638
特別,11.887697386332638
必要,97.47555683223942
韓国語・・・,6.455722535057638
みごと,6.455722535057638
形,20.952442950072907
学生,2.5822890140230554
もしかして一宮,12.911445070115276
観光案内,4.303815023371758
紹介,27.478613705013647
内容,14.859621732915798
名古屋人,33.48956045298539
思いあふれる人たち,4.303815023371758
重工業,4.303815023371758
パスコ,6.455722535057638
リニア新幹線,6.455722535057638
浅草,4.303815023371758
昨日会社,12.911445070115276
笑い,4.303815023371758
もっと建設的,4.303815023371758
・・・,100.75311466118069
お世話,4.303815023371758
地方都市,11.887697386332638
支援,21.552600894640968
一緒にお風呂,6.455722535057638
部分,15.169559821553133
758さん,6.455722535057638
チカラ,11.887697386332638
大変,17.846540966533098
新事業,6.455722535057638
虐待,4.303815023371758
見かけ,6.455722535057638
若い人,26.76981144979965
既存,4.303815023371758
空気感,6.455722535057638
期間,6.455722535057638
セールスポイント,4.303815023371758
顕在,12.911445070115276
数年前東京,6.455722535057638
税金,2.5822890140230554
驚くこと,2.151907511685879
面白そう,6.455722535057638
尾張名古屋,6.455722535057638
窯業,5.943848693166319
八戸市,6.455722535057638
川遊び,6.455722535057638
情報,21.46766695704191
宿泊施設,22.425308554021953
札幌,16.818981415516465
島流しみたい,3.227861267528819
あっち向いてホイシステム,3.227861267528819
ご近所さん同士,4.303815023371758
適度,6.455722535057638
高い地域,4.303815023371758
都市,114.00060697456524
コンビニ,13.081429989846137
開拓,6.455722535057638
パターン,12.911445070115276
箱物施設,6.455722535057638
かっこ,4.303815023371758
会議,6.455722535057638
観戦,6.455722535057638
めちゃくちゃ高いスカイツリー,6.455722535057638
取り入れ,8.321388170432845
向上,15.85026318177685
作品,6.455722535057638
繋がり,12.911445070115276
嗜好,6.455722535057638
ガイシ,4.303815023371758
ファン,14.859621732915798
ありま,6.455722535057638
絶対名古屋,12.911445070115276
ご意見,17.753369271934044
風,28.03163569252744
OK,6.455722535057638
ものづくり,18.738868014859754
アプローチ,4.303815023371758
高層化,6.455722535057638
進出,6.455722535057638
メリット,18.371895960695895
掲載,9.906414488610531
ちなみ,8.915773039749478
かも,17.831546079498956
平日仕事,12.911445070115276
広域大都市構想,4.303815023371758
分離,4.303815023371758
役割,6.455722535057638
神戸市,4.303815023371758
周辺自治体,4.303815023371758
和風,4.303815023371758
愛知万博,15.85026318177685
博覧会好き,6.455722535057638
資源,12.911445070115276
なかった様,6.455722535057638
コスプレ祭り,4.303815023371758
トピズレ,12.911445070115276
コンパクトシティ,6.455722535057638
福祉,3.227861267528819
おもてなし芸,4.303815023371758
牽引力,12.911445070115276
発信地,6.455722535057638
許容,12.911445070115276
意思,6.455722535057638
旅行者,4.303815023371758
大門以東,4.303815023371758
自分,48.27146724795751
周り,6.3401052727107405
クールジャパン,12.911445070115276
切削加工,12.911445070115276
記事,11.887697386332638
失礼,4.303815023371758
活発,6.455722535057638
再確認,12.911445070115276
文学,3.227861267528819
日本一,6.455722535057638
木造密集地帯,15.85026318177685
再編集,6.455722535057638
設計,6.455722535057638
方法,23.775394772665276
コミュニティー,17.831546079498956
閉塞感,6.455722535057638
理想形,3.227861267528819
具体的,28.243422335654245
日本ガイシさん,6.455722535057638
日本有数,6.455722535057638
行政,14.950205702681302
認定,6.455722535057638
案内,13.455185132413172
仕様,4.303815023371758
最善,6.455722535057638
お金,9.906414488610531
GOKISO,23.775394772665276
災い,6.455722535057638
盆踊り,30.339119643106272
前例,4.303815023371758
創出,14.950205702681302
年末,6.455722535057638
物心共,3.227861267528819
防災訓練,6.455722535057638
全てこれら,6.455722535057638
消費者,6.455722535057638
若い世代,23.775394772665276
商い,3.227861267528819
賑わい,6.455722535057638
市バス,6.455722535057638
上野,4.303815023371758
名古屋市,65.78095915895267
ネオ芸アーティスト,12.911445070115276
国際交流,6.455722535057638
ご案内出来る,4.303815023371758
おしゃれアートショップ,2.5822890140230554
集約,11.887697386332638
いただき,6.455722535057638
火災,6.455722535057638
成長,3.227861267528819
残念,9.906414488610531
コーヒー,12.911445070115276
１,3.227861267528819
価値,6.455722535057638
施設ですから,4.303815023371758
第一歩,12.911445070115276
候補,9.906414488610531
客観的,6.455722535057638
マーケット,11.887697386332638
早寝早起き,6.455722535057638
荷物,4.303815023371758
緑,21.41584915983972
海外,81.56455185302423
おもてなし武将隊,6.455722535057638
名古屋駅地区,4.303815023371758
結構難しい,6.455722535057638
建築,10.652021563160428
名古屋モデル応援,12.911445070115276
強み,8.915773039749478
住む,11.887697386332638
最近動き,6.455722535057638
非営利団体,3.227861267528819
やる気,6.455722535057638
西部,4.303815023371758
全部参加,6.455722535057638
仮想横丁,4.303815023371758
スペイン,6.455722535057638
創造産業,3.227861267528819
福岡,34.888933473455246
合う滞在型,4.303815023371758
発展,31.459861997413228
空家,6.455722535057638
耐震,11.887697386332638
街,112.74423003407767
もっと名古屋圏五平餅共栄圏全体,6.455722535057638
ならば,11.212654277010977
市民,38.87038984804646
外国人イベント,6.455722535057638
大切,48.7536685017962
質,9.906414488610531
名古屋人っぽ,6.455722535057638
通勤,12.911445070115276
現代建築,2.5822890140230554
民間,11.887697386332638
コメント,14.859621732915798
一例,6.455722535057638
結局,23.775394772665276
次回,12.911445070115276
地元資本,12.911445070115276
子ども,14.859621732915798
名古屋っぽい,12.911445070115276
食,12.911445070115276
伝統的,3.227861267528819
施設,16.06188686987979
資金調達,4.303815023371758
加盟,4.303815023371758
いない家庭,12.911445070115276
本数,6.455722535057638
芸どころ名古屋,50.616270892471704
NAGOYA,6.455722535057638
周辺,4.303815023371758
いところ,6.455722535057638
民間商業ビジネス,4.303815023371758
編集,3.227861267528819
つくり,2.5822890140230554
30年前,6.455722535057638
何か,24.985157353146338
機会,7.925131590888425
住むマンション,6.455722535057638
新幹線以上,6.455722535057638
コインロッカー,4.303815023371758
ながら生活,6.455722535057638
自給自足,12.911445070115276
純粋,6.455722535057638
名古屋みやげ,6.455722535057638
クッピーラムネ,12.911445070115276
その他,4.303815023371758
名古屋らしくないですか,12.911445070115276
づくり,3.227861267528819
あると楽しい,6.455722535057638
トヨタ,4.303815023371758
コミュニティ,2.5822890140230554
鍵,7.925131590888425
ノーベル賞受賞者ゆかり,6.455722535057638
具現化,12.911445070115276
協力,16.06188686987979
アート談義,6.455722535057638
綺麗,24.04378699188694
舞踊,8.915773039749478
もっと支援,6.455722535057638
現地タウンミーティング,12.911445070115276
経済的,6.455722535057638
たいと,17.831546079498956
ハードル,4.303815023371758
すみや,6.455722535057638
持つ方,4.303815023371758
確か,47.54861811110978
問い,6.455722535057638
ウケル,12.911445070115276
ノリタケの森,11.887697386332638
出店,25.761200348450295
サイト,39.52649327880123
おもてなし,9.906414488610531
観光地,17.846540966533098
都市圏,8.915773039749478
産業観光施設,11.887697386332638
右肩上がり,3.227861267528819
一緒に,4.303815023371758
人数,6.455722535057638
モノ,18.687757128351628
無いものねだり,17.831546079498956
誘致,9.906414488610531
商売,6.9344901420273715
貢献,6.455722535057638
全国２位,6.455722535057638
ビジネスチャンス,12.147042133428558
観光客,22.428600090078373
行く場所,4.303815023371758
住環境,6.455722535057638
劇場,17.192736558083496
なっちゃ,12.911445070115276
いも,6.455722535057638
名古屋めし,26.76981144979965
自然,44.55335244625684
都市人類学,16.06188686987979
アメリカ,9.906414488610531
顔,9.906414488610531
都会,9.906414488610531
オアシス21,6.455722535057638
伊那,4.303815023371758
野球,2.151907511685879
ライブ,6.455722535057638
快適さ,6.455722535057638
６０００円程度,4.303815023371758
活用,21.46766695704191
発信,36.92445939210577
強化,17.831546079498956
来る,12.911445070115276
特にモビリティ産業,6.455722535057638
礎,4.303815023371758
学縁,2.5822890140230554
現在,23.775394772665276
少なかれ,6.455722535057638
たくさん,51.165768025920805
従来,3.227861267528819
自体,6.455722535057638
2年,3.227861267528819
現時点,6.455722535057638
あり方,13.455185132413172
恩師,3.227861267528819
日特,4.303815023371758
城下町,6.455722535057638
あと,23.20050325649303
市政,4.303815023371758
現地,8.915773039749478
タイ人,9.906414488610531
名駅南,4.303815023371758
昔,26.162859979692275
運動,6.455722535057638
長所,6.455722535057638
いいな,13.455185132413172
子供会,41.21792055752047
梅田,3.227861267528819
販路開拓支援,4.303815023371758
フジカンさん,12.911445070115276
意見,86.54391492544353
じゃんけん,3.227861267528819
CODEforNAGOYA,12.911445070115276
見方,6.455722535057638
横浜,4.303815023371758
交流機能,4.303815023371758
ネオ,24.985157353146338
しまいま,20.55653284118679
一般客,6.455722535057638
家庭菜園,17.831546079498956
直前,3.227861267528819
もてなし,4.303815023371758
大好き,4.303815023371758
日本人,29.904800120104497
空気,6.455722535057638
景気,4.303815023371758
女性会,11.887697386332638
中止,4.303815023371758
Rediscover,11.887697386332638
シャチホコバス,4.303815023371758
目,12.911445070115276
中部地方全体,12.911445070115276
今後,29.904800120104497
組織,3.227861267528819
駅周辺,6.455722535057638
張り方,4.303815023371758
場合,37.78309384439376
意味,49.96083138448674
産業遺産,12.911445070115276
いまいち,4.303815023371758
行く必要,4.303815023371758
行動範囲,6.455722535057638
なごや,3.227861267528819
バス路線,4.303815023371758
風土,6.455722535057638
あるある,12.911445070115276
視点,28.233209484858023
牛タン,4.303815023371758
余談,2.5822890140230554
もう一度名古屋市,6.455722535057638
身近,9.906414488610531
アンテナ,4.303815023371758
独ワーゲン,6.455722535057638
バイト代,28.03163569252744
生きて,6.455722535057638
他都市,23.20050325649303
教育方法,3.227861267528819
大都市名古屋,4.303815023371758
ソフト,17.831546079498956
密集木造住宅街,6.455722535057638
国際化ですよ,12.911445070115276
休日,11.887697386332638
具体問い,6.455722535057638
オープンカフェ,12.911445070115276
ビザ,6.455722535057638
テーマパーク,6.455722535057638
人それぞれ,12.911445070115276
教育支援,3.227861267528819
件数,12.911445070115276
文化人類学,6.455722535057638
家庭,6.455722535057638
素敵,44.857200180156745
突き合わせ,4.303815023371758
ジャンル,4.303815023371758
閲覧,12.911445070115276
学区一斉清掃,6.455722535057638
コスプレ,9.906414488610531
ハコモノ,12.911445070115276
名,6.455722535057638
勇気,4.303815023371758
任意,2.5822890140230554
次世代的,4.303815023371758
ランク,2.151907511685879
アート好き,3.227861267528819
下手,6.455722535057638
駄菓子メーカー,6.455722535057638
整備,7.925131590888425
一部,6.455722535057638
トヨタ・クラウン,12.911445070115276
モノづくり,19.63119506318641
愛知県,11.212654277010977
楽しい雰囲気,6.455722535057638
もっとたくさん,6.455722535057638
スピリッツ,6.455722535057638
カテゴリー,4.303815023371758
思い出,6.455722535057638
常磐津・・・,3.227861267528819
連動,4.303815023371758
嫌うから,6.455722535057638
伝統,23.775394772665276
古民家,6.455722535057638
促進,4.303815023371758
悲しい出来事,4.303815023371758
生き物である,6.455722535057638
到来,6.455722535057638
庄内緑地公園,6.455722535057638
ツイッター,17.831546079498956
もった相互協力,2.5822890140230554
学校教育現場,2.5822890140230554
質的向上,4.303815023371758
大勢,23.775394772665276
レベル,4.303815023371758
お互い協力,12.911445070115276
びっくり,4.303815023371758
青年会,11.887697386332638
環境だって個人,6.455722535057638
有松絞り,23.775394772665276
今5歳,6.455722535057638
起業マインド,6.455722535057638
ししうま,12.911445070115276
パリ,11.887697386332638
基盤,12.911445070115276
クリーン,17.831546079498956
参加しようよ,12.911445070115276
シャチ,6.455722535057638
あおなみ線,4.303815023371758
関,14.859621732915798
ゲット,6.455722535057638
市民参加型,3.227861267528819
どんどん周り,12.911445070115276
催事,9.343878564175814
駄菓子横丁,6.455722535057638
減税,11.887697386332638
乗り場,6.455722535057638
将来的,3.227861267528819
仮想横丁みたい,6.455722535057638
空き地,6.455722535057638
畑づくり,12.911445070115276
プライベート,12.911445070115276
街なごや,12.911445070115276
平気,4.303815023371758
合流,3.227861267528819
ビル,20.55653284118679
httpstwittercomHachinoheCity,12.911445070115276
生きる,6.455722535057638
ストロー現象,4.303815023371758
店,14.859621732915798
ファシリテート,12.911445070115276
モーニング文化,26.162859979692275
ほか,18.738868014859754
スキル,4.303815023371758
セブンイレブン,6.455722535057638
浄心以南,4.303815023371758
追求,6.455722535057638
障害,4.303815023371758
ナルミさん,6.455722535057638
お客さん,12.911445070115276
高層建築物,6.455722535057638
ころも,15.85026318177685
思い,6.455722535057638
統合,3.227861267528819
衰退,25.025166052780285
深化,6.455722535057638
教育,8.321388170432845
マニア,14.859621732915798
アートバス,6.455722535057638
デジタル,4.303815023371758
メーグル自体,12.911445070115276
他県流出,6.455722535057638
過去,16.818981415516465
ノウハウ,3.227861267528819
もっとベンチャー,12.911445070115276
カレーハウスCoCo一番屋,4.303815023371758
名古屋城,28.03163569252744
イベント参加,6.455722535057638
ミュージアム,4.303815023371758
解決,6.9344901420273715
PR,20.55653284118679
住人,6.455722535057638
運営,19.936533413402998
地力,6.455722535057638
さ,29.039872612996824
お,14.265236863599165
おもい,24.98515735314634
苦労,6.455722535057638
PJ,6.455722535057638
援助,2.5822890140230554
融合,21.46766695704191
作物,6.455722535057638
アイルランド人,6.455722535057638
一押し,4.303815023371758
日常利用,15.85026318177685
短い期間,6.455722535057638
語学留学,2.151907511685879
さそう,6.455722535057638
所詮役員,6.455722535057638
東京渋谷,4.303815023371758
笑夏,4.303815023371758
関心,16.818981415516465
産業,66.94284228747303
文化,23.77430905555489
対象,22.425308554021953
来る人,4.303815023371758
大きさ,17.831546079498956
いないこと,4.303815023371758
家族,12.911445070115276
尾張徳川家,6.455722535057638
ライフスタイル,4.303815023371758
住民,2.151907511685879
上位,2.151907511685879
フォルクスワーゲン,6.455722535057638
率直,17.831546079498956
食文化,6.455722535057638
駅,13.081429989846137
居住環境,4.303815023371758
続き,12.911445070115276
圏域,17.831546079498956
手助け,4.303815023371758
遠州地域,4.303815023371758
直接リンク,6.455722535057638
名工大,3.227861267528819
しょう,44.48096532974786
グローバル化,6.455722535057638
人口減少,3.227861267528819
めざし,6.455722535057638
学問,11.212654277010977
地価,4.303815023371758
環境,27.412733443429122
浅田真央ちゃん,6.455722535057638
名産品展,5.943848693166319
ダイソー,4.303815023371758
副都心的,6.455722535057638
ツアー,6.455722535057638
出会い,3.227861267528819
グルメ,6.455722535057638
疑問,23.775394772665276
ヒト,4.303815023371758
そう,92.412987948169
他国語,6.455722535057638
高い,11.887697386332638
喝采,4.303815023371758
名古屋版,2.5822890140230554
短時間,6.455722535057638
親近感,6.455722535057638
印象,12.911445070115276
市民生活,6.455722535057638
おかし,12.911445070115276
結果,6.455722535057638
伝統芸能,6.455722535057638
工芸品,23.775394772665276
イキ,6.455722535057638
名古屋市教育委員会,3.227861267528819
吸収,3.227861267528819
パン屋,4.303815023371758
魅力的,62.87810719330488
大切ですよ,12.911445070115276
想定,3.227861267528819
ゃちはた,6.455722535057638
香り,4.303815023371758
名古屋港,6.455722535057638
動き出し,6.455722535057638
三河湾,6.455722535057638
北区,4.303815023371758
かも～　　　　　「,6.455722535057638
きるところ,6.455722535057638
町,47.54861811110979
ニーズ,19.622144984769207
価値観,4.303815023371758
周辺地域,4.303815023371758
いかが,16.06188686987979
ノリタケさん,6.455722535057638
朝大人数,6.455722535057638
結論,4.303815023371758
2ヶ月間,6.455722535057638
未来になる,6.455722535057638
いただきたい,23.775394772665276
国際化,6.455722535057638
ひとつノリタケ,12.911445070115276
地続き,6.455722535057638
ですか,55.21775006451459
リニア,39.281339778835914
歌舞伎,3.227861267528819
共通事項,12.911445070115276
数日間,15.85026318177685
ながら,24.985157353146338
食器,16.818981415516465
テレビ,4.303815023371758
好きな子,12.911445070115276
ナゴヤめし,6.455722535057638
名古屋駅,7.925131590888425
人事,12.911445070115276
砥石,32.12377373975958
留学生,54.048346506254376
黒川紀章,2.5822890140230554
多縁,2.5822890140230554
魅力あふれるまちづくり,12.911445070115276
パーティ,12.911445070115276
ファクター,6.455722535057638
一環,4.303815023371758
金山,6.455722535057638
提言,3.227861267528819
テント,6.455722535057638
入手,6.455722535057638
COLLAGREE,12.911445070115276
出張,17.831546079498956
楽しみ,12.911445070115276
推進,15.85026318177685
中部地方,16.818981415516465
総点検,4.303815023371758
地元,35.49317763810723
語学教育,6.455722535057638
公共空間,3.227861267528819
はまち,6.455722535057638
帰国,3.227861267528819
なると,27.412733443429122
安心,17.831546079498956
皆様,30.913440418140354
楽しい,3.227861267528819
気楽,12.911445070115276
当たり前,18.263035375434544
さより,3.227861267528819
得意,4.303815023371758
どんどん,11.887697386332638
生き物,11.887697386332638
土地,11.887697386332638
好きな人,6.455722535057638
東欧,3.227861267528819
町内会,91.85335755890632
魅力,144.71517131764185
LRT,6.455722535057638
集まるですか,6.455722535057638
次,4.303815023371758
走る時,4.303815023371758
関東出身,6.455722535057638
若者,19.622144984769207
動き,4.303815023371758
ベッドタウン化,4.303815023371758
無視,17.831546079498956
対価,4.303815023371758
ハード,6.455722535057638
お台場,4.303815023371758
ユニー,2.151907511685879
ツイッターアカウント,6.455722535057638
足,9.906414488610531
小規模,3.227861267528819
繁華街,4.303815023371758
魅力tぽ,6.455722535057638
素敵ですよ,4.303815023371758
PR活動,6.455722535057638
一昨年,4.303815023371758
ユネスコ,9.906414488610531
賛否両論,6.455722535057638
日本語大好きナンバーワン名古屋,12.911445070115276
発足,2.5822890140230554
スマホ,12.911445070115276
度合い,6.455722535057638
弱点,6.455722535057638
かなり,4.303815023371758
討論,41.21792055752047
豊富,11.887697386332638
数年前,6.455722535057638
集まること,12.911445070115276
広報下手,14.859621732915798
催し,4.303815023371758
海外都市,6.455722535057638
日本特殊陶業さん,6.455722535057638
ビデオ,4.303815023371758
パンフ,4.303815023371758
団体さん,6.455722535057638
アイデア,21.77277997917038
気,12.911445070115276
レッスンみたい,4.303815023371758
お二人,6.455722535057638
瀬戸物,23.775394772665276
公共サービス,3.227861267528819
CM,6.455722535057638
まちづくり,6.455722535057638
気持ち,4.303815023371758
町名古屋,6.455722535057638
大都,6.455722535057638
重点戦略,3.227861267528819
もっといっぱい,12.911445070115276
キャラクター,3.227861267528819
自分たちのもの,6.455722535057638
ころも統一,6.455722535057638
都市発展,4.303815023371758
率先,4.303815023371758
無理,17.831546079498956
導入,6.9344901420273715
関連,10.278266420593393
ナゴ博etc,6.455722535057638
中川区,4.303815023371758
イベント,49.803747515681046
企画実行,12.911445070115276
2020年東京,6.455722535057638
発信力,12.911445070115276
感じ,46.37016062721053
日本文化,11.887697386332638
多様化,4.303815023371758
誤解,15.85026318177685
はじめ,6.455722535057638
象徴,6.455722535057638
都市圏内,4.303815023371758
なごやめし,11.887697386332638
留学,11.887697386332638
あいちトリエンナーレ,6.455722535057638
ミス,12.911445070115276
